x-axis,1
second,Volt
-25.00000E-03,-10.95477396E+00
-24.97500E-03,-10.97989958E+00
-24.95000E-03,-10.99874380E+00
-24.92500E-03,-10.97361818E+00
-24.90000E-03,-11.05527647E+00
-24.87500E-03,-10.97989958E+00
-24.85000E-03,-11.05527647E+00
-24.82500E-03,-11.05527647E+00
-24.80000E-03,-11.04899506E+00
-24.77500E-03,-11.05527647E+00
-24.75000E-03,-11.05527647E+00
-24.72500E-03,-11.05527647E+00
-24.70000E-03,-11.05527647E+00
-24.67500E-03,-10.97989958E+00
-24.65000E-03,-11.00502521E+00
-24.62500E-03,-11.05527647E+00
-24.60000E-03,-11.05527647E+00
-24.57500E-03,-11.05527647E+00
-24.55000E-03,-10.99874380E+00
-24.52500E-03,-11.05527647E+00
-24.50000E-03,-11.05527647E+00
-24.47500E-03,-11.05527647E+00
-24.45000E-03,-10.99874380E+00
-24.42500E-03,-10.97361818E+00
-24.40000E-03,-11.05527647E+00
-24.37500E-03,-11.05527647E+00
-24.35000E-03,-10.95477396E+00
-24.32500E-03,-11.05527647E+00
-24.30000E-03,-10.95477396E+00
-24.27500E-03,-11.02386943E+00
-24.25000E-03,-10.95477396E+00
-24.22500E-03,-10.97361818E+00
-24.20000E-03,-10.95477396E+00
-24.17500E-03,-10.97989958E+00
-24.15000E-03,-10.95477396E+00
-24.12500E-03,-10.97361818E+00
-24.10000E-03,-10.95477396E+00
-24.07500E-03,-10.95477396E+00
-24.05000E-03,-10.95477396E+00
-24.02500E-03,-10.95477396E+00
-24.00000E-03,-10.95477396E+00
-23.97500E-03,-10.95477396E+00
-23.95000E-03,-10.95477396E+00
-23.92500E-03,-10.95477396E+00
-23.90000E-03,-10.85427144E+00
-23.87500E-03,-10.85427144E+00
-23.85000E-03,-10.85427144E+00
-23.82500E-03,-10.85427144E+00
-23.80000E-03,-10.85427144E+00
-23.77500E-03,-10.85427144E+00
-23.75000E-03,-10.80402019E+00
-23.72500E-03,-10.75376893E+00
-23.70000E-03,-10.75376893E+00
-23.67500E-03,-10.67839204E+00
-23.65000E-03,-10.65326642E+00
-23.62500E-03,-10.65326642E+00
-23.60000E-03,-10.55276390E+00
-23.57500E-03,-10.55276390E+00
-23.55000E-03,-10.45226139E+00
-23.52500E-03,-10.45226139E+00
-23.50000E-03,-10.45226139E+00
-23.47500E-03,-10.35175887E+00
-23.45000E-03,-10.35175887E+00
-23.42500E-03,-10.32663325E+00
-23.40000E-03,-10.25125636E+00
-23.37500E-03,-10.15075385E+00
-23.35000E-03,-10.15075385E+00
-23.32500E-03,-10.15075385E+00
-23.30000E-03,-10.05025133E+00
-23.27500E-03,-10.05025133E+00
-23.25000E-03,-10.00000008E+00
-23.22500E-03,-9.94974882E+00
-23.20000E-03,-9.84924631E+00
-23.17500E-03,-9.84924631E+00
-23.15000E-03,-9.74874379E+00
-23.12500E-03,-9.74874379E+00
-23.10000E-03,-9.74246239E+00
-23.07500E-03,-9.64824128E+00
-23.05000E-03,-9.59170862E+00
-23.02500E-03,-9.54773877E+00
-23.00000E-03,-9.54773877E+00
-22.97500E-03,-9.44723625E+00
-22.95000E-03,-9.44723625E+00
-22.92500E-03,-9.34673374E+00
-22.90000E-03,-9.34673374E+00
-22.87500E-03,-9.27135686E+00
-22.85000E-03,-9.24623123E+00
-22.82500E-03,-9.24623123E+00
-22.80000E-03,-9.14572871E+00
-22.77500E-03,-9.11432168E+00
-22.75000E-03,-9.04522620E+00
-22.72500E-03,-9.02010057E+00
-22.70000E-03,-8.94472369E+00
-22.67500E-03,-8.94472369E+00
-22.65000E-03,-8.84422117E+00
-22.62500E-03,-8.84422117E+00
-22.60000E-03,-8.83793977E+00
-22.57500E-03,-8.81281414E+00
-22.55000E-03,-8.74371866E+00
-22.52500E-03,-8.71859303E+00
-22.50000E-03,-8.64321615E+00
-22.47500E-03,-8.64321615E+00
-22.45000E-03,-8.54271363E+00
-22.42500E-03,-8.54271363E+00
-22.40000E-03,-8.44221112E+00
-22.37500E-03,-8.44221112E+00
-22.35000E-03,-8.44221112E+00
-22.32500E-03,-8.36055283E+00
-22.30000E-03,-8.34170861E+00
-22.27500E-03,-8.24120609E+00
-22.25000E-03,-8.24120609E+00
-22.22500E-03,-8.21608047E+00
-22.20000E-03,-8.14070358E+00
-22.17500E-03,-8.14070358E+00
-22.15000E-03,-8.04020107E+00
-22.12500E-03,-8.04020107E+00
-22.10000E-03,-7.93969855E+00
-22.07500E-03,-7.80778901E+00
-22.05000E-03,-7.68216086E+00
-22.02500E-03,-7.63819101E+00
-22.00000E-03,-7.53768850E+00
-21.97500E-03,-7.43718599E+00
-21.95000E-03,-7.33668347E+00
-21.92500E-03,-7.23618096E+00
-21.90000E-03,-7.13567845E+00
-21.87500E-03,-7.03517593E+00
-21.85000E-03,-7.03517593E+00
-21.82500E-03,-6.93467342E+00
-21.80000E-03,-6.83417091E+00
-21.77500E-03,-6.73366839E+00
-21.75000E-03,-6.68341714E+00
-21.72500E-03,-6.60804025E+00
-21.70000E-03,-6.53266337E+00
-21.67500E-03,-6.43216085E+00
-21.65000E-03,-6.37562819E+00
-21.62500E-03,-6.33165834E+00
-21.60000E-03,-6.23115583E+00
-21.57500E-03,-6.13065331E+00
-21.55000E-03,-6.03015080E+00
-21.52500E-03,-6.03015080E+00
-21.50000E-03,-5.92964829E+00
-21.47500E-03,-5.82914577E+00
-21.45000E-03,-5.72864326E+00
-21.42500E-03,-5.62814075E+00
-21.40000E-03,-5.52763823E+00
-21.37500E-03,-5.42713572E+00
-21.35000E-03,-5.32663321E+00
-21.32500E-03,-5.22613069E+00
-21.30000E-03,-5.02512567E+00
-21.27500E-03,-4.92462315E+00
-21.25000E-03,-4.82412064E+00
-21.22500E-03,-4.72361813E+00
-21.20000E-03,-4.62311561E+00
-21.17500E-03,-4.52261310E+00
-21.15000E-03,-4.42211059E+00
-21.12500E-03,-4.32160807E+00
-21.10000E-03,-4.22110556E+00
-21.07500E-03,-4.12060305E+00
-21.05000E-03,-4.02010053E+00
-21.02500E-03,-4.02010053E+00
-21.00000E-03,-3.81909551E+00
-20.97500E-03,-3.74371862E+00
-20.95000E-03,-3.71859299E+00
-20.92500E-03,-3.61809048E+00
-20.90000E-03,-3.51758797E+00
-20.87500E-03,-3.34170857E+00
-20.85000E-03,-3.31658294E+00
-20.82500E-03,-3.21608043E+00
-20.80000E-03,-3.11557791E+00
-20.77500E-03,-3.01507540E+00
-20.75000E-03,-2.91457289E+00
-20.72500E-03,-2.88944726E+00
-20.70000E-03,-2.71356786E+00
-20.67500E-03,-2.68216083E+00
-20.65000E-03,-2.51256283E+00
-20.62500E-03,-2.51256283E+00
-20.60000E-03,-2.41206032E+00
-20.57500E-03,-2.31155781E+00
-20.55000E-03,-2.21105529E+00
-20.52500E-03,-2.11055278E+00
-20.50000E-03,-2.10427137E+00
-20.47500E-03,-1.97864323E+00
-20.45000E-03,-1.90954775E+00
-20.42500E-03,-1.88442213E+00
-20.40000E-03,-1.70854273E+00
-20.37500E-03,-1.70854273E+00
-20.35000E-03,-1.60804021E+00
-20.32500E-03,-1.58291459E+00
-20.30000E-03,-1.50753770E+00
-20.27500E-03,-1.40703519E+00
-20.25000E-03,-1.30653267E+00
-20.22500E-03,-1.30653267E+00
-20.20000E-03,-1.20603016E+00
-20.17500E-03,-1.17462312E+00
-20.15000E-03,-1.04899498E+00
-20.12500E-03,-1.00502513E+00
-20.10000E-03,-904.52262E-03
-20.07500E-03,-904.52262E-03
-20.05000E-03,-804.02011E-03
-20.02500E-03,-703.51759E-03
-20.00000E-03,-697.23619E-03
-19.97500E-03,-603.01508E-03
-19.95000E-03,-546.48242E-03
-19.92500E-03,-477.38694E-03
-19.90000E-03,-301.50754E-03
-19.87500E-03,-270.10050E-03
-19.85000E-03,-201.00503E-03
-19.82500E-03,-100.50251E-03
-19.80000E-03,+0.0E+00
-19.77500E-03,+69.09548E-03
-19.75000E-03,+100.50251E-03
-19.72500E-03,+201.00503E-03
-19.70000E-03,+301.50754E-03
-19.67500E-03,+370.60302E-03
-19.65000E-03,+402.01005E-03
-19.62500E-03,+502.51257E-03
-19.60000E-03,+603.01508E-03
-19.57500E-03,+703.51759E-03
-19.55000E-03,+804.02011E-03
-19.52500E-03,+879.39699E-03
-19.50000E-03,+1.00502513E+00
-19.47500E-03,+1.00502513E+00
-19.45000E-03,+1.10552765E+00
-19.42500E-03,+1.20603016E+00
-19.40000E-03,+1.30653267E+00
-19.37500E-03,+1.40703519E+00
-19.35000E-03,+1.45100504E+00
-19.32500E-03,+1.58291459E+00
-19.30000E-03,+1.70226132E+00
-19.27500E-03,+1.70854273E+00
-19.25000E-03,+1.80904524E+00
-19.22500E-03,+1.90954775E+00
-19.20000E-03,+2.00376886E+00
-19.17500E-03,+2.01005027E+00
-19.15000E-03,+2.11055278E+00
-19.12500E-03,+2.21105529E+00
-19.10000E-03,+2.31155781E+00
-19.07500E-03,+2.41206032E+00
-19.05000E-03,+2.51256283E+00
-19.02500E-03,+2.61306535E+00
-19.00000E-03,+2.71356786E+00
-18.97500E-03,+2.81407037E+00
-18.95000E-03,+2.91457289E+00
-18.92500E-03,+3.01507540E+00
-18.90000E-03,+3.11557791E+00
-18.87500E-03,+3.21608043E+00
-18.85000E-03,+3.31658294E+00
-18.82500E-03,+3.41708545E+00
-18.80000E-03,+3.51758797E+00
-18.77500E-03,+3.61809048E+00
-18.75000E-03,+3.66834174E+00
-18.72500E-03,+3.81909551E+00
-18.70000E-03,+3.81909551E+00
-18.67500E-03,+3.91959802E+00
-18.65000E-03,+4.02010053E+00
-18.62500E-03,+4.12060305E+00
-18.60000E-03,+4.21482415E+00
-18.57500E-03,+4.22110556E+00
-18.55000E-03,+4.32160807E+00
-18.52500E-03,+4.34045230E+00
-18.50000E-03,+4.42211059E+00
-18.47500E-03,+4.52261310E+00
-18.45000E-03,+4.62311561E+00
-18.42500E-03,+4.62311561E+00
-18.40000E-03,+4.71733672E+00
-18.37500E-03,+4.74874376E+00
-18.35000E-03,+4.82412064E+00
-18.32500E-03,+4.92462315E+00
-18.30000E-03,+5.02512567E+00
-18.27500E-03,+5.02512567E+00
-18.25000E-03,+5.12562818E+00
-18.22500E-03,+5.22613069E+00
-18.20000E-03,+5.32663321E+00
-18.17500E-03,+5.32663321E+00
-18.15000E-03,+5.47738698E+00
-18.12500E-03,+5.52763823E+00
-18.10000E-03,+5.62814075E+00
-18.07500E-03,+5.69723623E+00
-18.05000E-03,+5.72864326E+00
-18.02500E-03,+5.82914577E+00
-18.00000E-03,+5.82914577E+00
-17.97500E-03,+5.82914577E+00
-17.95000E-03,+5.92964829E+00
-17.92500E-03,+6.03015080E+00
-17.90000E-03,+6.12437191E+00
-17.87500E-03,+6.13065331E+00
-17.85000E-03,+6.18090457E+00
-17.82500E-03,+6.23115583E+00
-17.80000E-03,+6.33165834E+00
-17.77500E-03,+6.33165834E+00
-17.75000E-03,+6.43216085E+00
-17.72500E-03,+6.43216085E+00
-17.70000E-03,+6.53266337E+00
-17.67500E-03,+6.60175885E+00
-17.65000E-03,+6.63316588E+00
-17.62500E-03,+6.73366839E+00
-17.60000E-03,+6.73366839E+00
-17.57500E-03,+6.83417091E+00
-17.55000E-03,+6.93467342E+00
-17.52500E-03,+6.93467342E+00
-17.50000E-03,+7.03517593E+00
-17.47500E-03,+7.13567845E+00
-17.45000E-03,+7.17964830E+00
-17.42500E-03,+7.23618096E+00
-17.40000E-03,+7.33668347E+00
-17.37500E-03,+7.33668347E+00
-17.35000E-03,+7.43718599E+00
-17.32500E-03,+7.53768850E+00
-17.30000E-03,+7.63819101E+00
-17.27500E-03,+7.66331664E+00
-17.25000E-03,+7.73869353E+00
-17.22500E-03,+7.83919604E+00
-17.20000E-03,+7.93341715E+00
-17.17500E-03,+7.93969855E+00
-17.15000E-03,+8.04020107E+00
-17.12500E-03,+8.11557795E+00
-17.10000E-03,+8.14070358E+00
-17.07500E-03,+8.24120609E+00
-17.05000E-03,+8.34170861E+00
-17.02500E-03,+8.34170861E+00
-17.00000E-03,+8.44221112E+00
-16.97500E-03,+8.44221112E+00
-16.95000E-03,+8.54271363E+00
-16.92500E-03,+8.61809052E+00
-16.90000E-03,+8.64321615E+00
-16.87500E-03,+8.74371866E+00
-16.85000E-03,+8.74371866E+00
-16.82500E-03,+8.84422117E+00
-16.80000E-03,+8.93844228E+00
-16.77500E-03,+8.94472369E+00
-16.75000E-03,+8.98869354E+00
-16.72500E-03,+9.04522620E+00
-16.70000E-03,+9.14572871E+00
-16.67500E-03,+9.14572871E+00
-16.65000E-03,+9.24623123E+00
-16.62500E-03,+9.24623123E+00
-16.60000E-03,+9.34673374E+00
-16.57500E-03,+9.44723625E+00
-16.55000E-03,+9.44723625E+00
-16.52500E-03,+9.52261314E+00
-16.50000E-03,+9.54773877E+00
-16.47500E-03,+9.64824128E+00
-16.45000E-03,+9.59799002E+00
-16.42500E-03,+9.64824128E+00
-16.40000E-03,+9.74874379E+00
-16.37500E-03,+9.74874379E+00
-16.35000E-03,+9.84924631E+00
-16.32500E-03,+9.84924631E+00
-16.30000E-03,+9.94346741E+00
-16.27500E-03,+9.94974882E+00
-16.25000E-03,+9.94974882E+00
-16.22500E-03,+10.05025133E+00
-16.20000E-03,+10.05025133E+00
-16.17500E-03,+10.07537696E+00
-16.15000E-03,+10.15075385E+00
-16.12500E-03,+10.25125636E+00
-16.10000E-03,+10.15075385E+00
-16.07500E-03,+10.25125636E+00
-16.05000E-03,+10.35175887E+00
-16.02500E-03,+10.35175887E+00
-16.00000E-03,+10.35175887E+00
-15.97500E-03,+10.45226139E+00
-15.95000E-03,+10.45226139E+00
-15.92500E-03,+10.52763827E+00
-15.90000E-03,+10.55276390E+00
-15.87500E-03,+10.55276390E+00
-15.85000E-03,+10.65326642E+00
-15.82500E-03,+10.65326642E+00
-15.80000E-03,+10.65326642E+00
-15.77500E-03,+10.72236189E+00
-15.75000E-03,+10.75376893E+00
-15.72500E-03,+10.75376893E+00
-15.70000E-03,+10.75376893E+00
-15.67500E-03,+10.75376893E+00
-15.65000E-03,+10.79773878E+00
-15.62500E-03,+10.77261315E+00
-15.60000E-03,+10.85427144E+00
-15.57500E-03,+10.85427144E+00
-15.55000E-03,+10.85427144E+00
-15.52500E-03,+10.85427144E+00
-15.50000E-03,+10.85427144E+00
-15.47500E-03,+10.85427144E+00
-15.45000E-03,+10.85427144E+00
-15.42500E-03,+10.85427144E+00
-15.40000E-03,+10.85427144E+00
-15.37500E-03,+10.85427144E+00
-15.35000E-03,+10.85427144E+00
-15.32500E-03,+10.82914581E+00
-15.30000E-03,+10.85427144E+00
-15.27500E-03,+10.85427144E+00
-15.25000E-03,+10.85427144E+00
-15.22500E-03,+10.75376893E+00
-15.20000E-03,+10.84799003E+00
-15.17500E-03,+10.85427144E+00
-15.15000E-03,+10.79773878E+00
-15.12500E-03,+10.77261315E+00
-15.10000E-03,+10.85427144E+00
-15.07500E-03,+10.82286441E+00
-15.05000E-03,+10.80402019E+00
-15.02500E-03,+10.85427144E+00
-15.00000E-03,+10.85427144E+00
-14.97500E-03,+10.85427144E+00
-14.95000E-03,+10.85427144E+00
-14.92500E-03,+10.85427144E+00
-14.90000E-03,+10.85427144E+00
-14.87500E-03,+10.85427144E+00
-14.85000E-03,+10.85427144E+00
-14.82500E-03,+10.85427144E+00
-14.80000E-03,+10.85427144E+00
-14.77500E-03,+10.85427144E+00
-14.75000E-03,+10.85427144E+00
-14.72500E-03,+10.85427144E+00
-14.70000E-03,+10.85427144E+00
-14.67500E-03,+10.85427144E+00
-14.65000E-03,+10.85427144E+00
-14.62500E-03,+10.85427144E+00
-14.60000E-03,+10.85427144E+00
-14.57500E-03,+10.85427144E+00
-14.55000E-03,+10.85427144E+00
-14.52500E-03,+10.85427144E+00
-14.50000E-03,+10.85427144E+00
-14.47500E-03,+10.85427144E+00
-14.45000E-03,+10.85427144E+00
-14.42500E-03,+10.85427144E+00
-14.40000E-03,+10.85427144E+00
-14.37500E-03,+10.85427144E+00
-14.35000E-03,+10.85427144E+00
-14.32500E-03,+10.85427144E+00
-14.30000E-03,+10.85427144E+00
-14.27500E-03,+10.82286441E+00
-14.25000E-03,+10.85427144E+00
-14.22500E-03,+10.77261315E+00
-14.20000E-03,+10.85427144E+00
-14.17500E-03,+10.85427144E+00
-14.15000E-03,+10.79773878E+00
-14.12500E-03,+10.85427144E+00
-14.10000E-03,+10.85427144E+00
-14.07500E-03,+10.85427144E+00
-14.05000E-03,+10.79773878E+00
-14.02500E-03,+10.75376893E+00
-14.00000E-03,+10.75376893E+00
-13.97500E-03,+10.75376893E+00
-13.95000E-03,+10.75376893E+00
-13.92500E-03,+10.75376893E+00
-13.90000E-03,+10.75376893E+00
-13.87500E-03,+10.72236189E+00
-13.85000E-03,+10.75376893E+00
-13.82500E-03,+10.67211064E+00
-13.80000E-03,+10.65326642E+00
-13.77500E-03,+10.65326642E+00
-13.75000E-03,+10.65326642E+00
-13.72500E-03,+10.57160812E+00
-13.70000E-03,+10.55276390E+00
-13.67500E-03,+10.55276390E+00
-13.65000E-03,+10.45226139E+00
-13.62500E-03,+10.45226139E+00
-13.60000E-03,+10.35175887E+00
-13.57500E-03,+10.35175887E+00
-13.55000E-03,+10.35175887E+00
-13.52500E-03,+10.27010058E+00
-13.50000E-03,+10.25125636E+00
-13.47500E-03,+10.17587948E+00
-13.45000E-03,+10.15075385E+00
-13.42500E-03,+10.15075385E+00
-13.40000E-03,+10.05025133E+00
-13.37500E-03,+10.05025133E+00
-13.35000E-03,+9.99371867E+00
-13.32500E-03,+9.94974882E+00
-13.30000E-03,+9.84924631E+00
-13.27500E-03,+9.84924631E+00
-13.25000E-03,+9.74874379E+00
-13.22500E-03,+9.74874379E+00
-13.20000E-03,+9.74874379E+00
-13.17500E-03,+9.64824128E+00
-13.15000E-03,+9.64824128E+00
-13.12500E-03,+9.54773877E+00
-13.10000E-03,+9.54773877E+00
-13.07500E-03,+9.47236188E+00
-13.05000E-03,+9.44723625E+00
-13.02500E-03,+9.44723625E+00
-13.00000E-03,+9.34673374E+00
-12.97500E-03,+9.24623123E+00
-12.95000E-03,+9.24623123E+00
-12.92500E-03,+9.24623123E+00
-12.90000E-03,+9.14572871E+00
-12.87500E-03,+9.14572871E+00
-12.85000E-03,+9.04522620E+00
-12.82500E-03,+9.04522620E+00
-12.80000E-03,+9.03894479E+00
-12.77500E-03,+8.94472369E+00
-12.75000E-03,+8.84422117E+00
-12.72500E-03,+8.84422117E+00
-12.70000E-03,+8.84422117E+00
-12.67500E-03,+8.74371866E+00
-12.65000E-03,+8.74371866E+00
-12.62500E-03,+8.64321615E+00
-12.60000E-03,+8.64321615E+00
-12.57500E-03,+8.56783926E+00
-12.55000E-03,+8.54271363E+00
-12.52500E-03,+8.54271363E+00
-12.50000E-03,+8.53643223E+00
-12.47500E-03,+8.44221112E+00
-12.45000E-03,+8.34170861E+00
-12.42500E-03,+8.34170861E+00
-12.40000E-03,+8.34170861E+00
-12.37500E-03,+8.34170861E+00
-12.35000E-03,+8.24120609E+00
-12.32500E-03,+8.24120609E+00
-12.30000E-03,+8.14070358E+00
-12.27500E-03,+8.14070358E+00
-12.25000E-03,+8.14070358E+00
-12.22500E-03,+8.04020107E+00
-12.20000E-03,+8.04020107E+00
-12.17500E-03,+7.93969855E+00
-12.15000E-03,+7.88316589E+00
-12.12500E-03,+7.83919604E+00
-12.10000E-03,+7.73869353E+00
-12.07500E-03,+7.63819101E+00
-12.05000E-03,+7.53768850E+00
-12.02500E-03,+7.43718599E+00
-12.00000E-03,+7.43718599E+00
-11.97500E-03,+7.23618096E+00
-11.95000E-03,+7.18592970E+00
-11.92500E-03,+7.05402016E+00
-11.90000E-03,+7.03517593E+00
-11.87500E-03,+6.93467342E+00
-11.85000E-03,+6.88442216E+00
-11.82500E-03,+6.80904528E+00
-11.80000E-03,+6.73366839E+00
-11.77500E-03,+6.63316588E+00
-11.75000E-03,+6.53266337E+00
-11.72500E-03,+6.45100508E+00
-11.70000E-03,+6.42587945E+00
-11.67500E-03,+6.25628146E+00
-11.65000E-03,+6.23115583E+00
-11.62500E-03,+6.13065331E+00
-11.60000E-03,+6.13065331E+00
-11.57500E-03,+5.99874377E+00
-11.55000E-03,+5.92964829E+00
-11.52500E-03,+5.82914577E+00
-11.50000E-03,+5.72864326E+00
-11.47500E-03,+5.65326638E+00
-11.45000E-03,+5.52763823E+00
-11.42500E-03,+5.42713572E+00
-11.40000E-03,+5.32663321E+00
-11.37500E-03,+5.22613069E+00
-11.35000E-03,+5.12562818E+00
-11.32500E-03,+5.02512567E+00
-11.30000E-03,+4.92462315E+00
-11.27500E-03,+4.82412064E+00
-11.25000E-03,+4.67336687E+00
-11.22500E-03,+4.52261310E+00
-11.20000E-03,+4.42211059E+00
-11.17500E-03,+4.34673370E+00
-11.15000E-03,+4.27135682E+00
-11.12500E-03,+4.19597993E+00
-11.10000E-03,+4.02010053E+00
-11.07500E-03,+3.94472365E+00
-11.05000E-03,+3.91959802E+00
-11.02500E-03,+3.81909551E+00
-11.00000E-03,+3.71859299E+00
-10.97500E-03,+3.51758797E+00
-10.95000E-03,+3.51758797E+00
-10.92500E-03,+3.41708545E+00
-10.90000E-03,+3.31658294E+00
-10.87500E-03,+3.21608043E+00
-10.85000E-03,+3.11557791E+00
-10.82500E-03,+3.03391962E+00
-10.80000E-03,+2.91457289E+00
-10.77500E-03,+2.81407037E+00
-10.75000E-03,+2.75753771E+00
-10.72500E-03,+2.68844223E+00
-10.70000E-03,+2.51256283E+00
-10.67500E-03,+2.51256283E+00
-10.65000E-03,+2.41206032E+00
-10.62500E-03,+2.31155781E+00
-10.60000E-03,+2.30527640E+00
-10.57500E-03,+2.21105529E+00
-10.55000E-03,+2.06030152E+00
-10.52500E-03,+2.01005027E+00
-10.50000E-03,+2.00376886E+00
-10.47500E-03,+1.80904524E+00
-10.45000E-03,+1.75879398E+00
-10.42500E-03,+1.70854273E+00
-10.40000E-03,+1.60804021E+00
-10.37500E-03,+1.50753770E+00
-10.35000E-03,+1.50753770E+00
-10.32500E-03,+1.40703519E+00
-10.30000E-03,+1.40075378E+00
-10.27500E-03,+1.30653267E+00
-10.25000E-03,+1.20603016E+00
-10.22500E-03,+1.10552765E+00
-10.20000E-03,+1.10552765E+00
-10.17500E-03,+1.00502513E+00
-10.15000E-03,+1.00502513E+00
-10.12500E-03,+904.52262E-03
-10.10000E-03,+804.02011E-03
-10.07500E-03,+703.51759E-03
-10.05000E-03,+703.51759E-03
-10.02500E-03,+603.01508E-03
-10.00000E-03,+603.01508E-03
-9.97500E-03,+502.51257E-03
-9.95000E-03,+402.01005E-03
-9.92500E-03,+301.50754E-03
-9.90000E-03,+201.00503E-03
-9.87500E-03,+100.50251E-03
-9.85000E-03,+100.50251E-03
-9.82500E-03,+0.0E+00
-9.80000E-03,-100.50251E-03
-9.77500E-03,-100.50251E-03
-9.75000E-03,-201.00503E-03
-9.72500E-03,-301.50754E-03
-9.70000E-03,-402.01005E-03
-9.67500E-03,-502.51257E-03
-9.65000E-03,-502.51257E-03
-9.62500E-03,-603.01508E-03
-9.60000E-03,-703.51759E-03
-9.57500E-03,-804.02011E-03
-9.55000E-03,-904.52262E-03
-9.52500E-03,-1.00502513E+00
-9.50000E-03,-1.10552765E+00
-9.47500E-03,-1.17462312E+00
-9.45000E-03,-1.20603016E+00
-9.42500E-03,-1.30653267E+00
-9.40000E-03,-1.40703519E+00
-9.37500E-03,-1.50753770E+00
-9.35000E-03,-1.60804021E+00
-9.32500E-03,-1.70854273E+00
-9.30000E-03,-1.70854273E+00
-9.27500E-03,-1.90954775E+00
-9.25000E-03,-1.90954775E+00
-9.22500E-03,-2.01005027E+00
-9.20000E-03,-2.11055278E+00
-9.17500E-03,-2.21105529E+00
-9.15000E-03,-2.26130655E+00
-9.12500E-03,-2.41206032E+00
-9.10000E-03,-2.41206032E+00
-9.07500E-03,-2.51256283E+00
-9.05000E-03,-2.61306535E+00
-9.02500E-03,-2.71356786E+00
-9.00000E-03,-2.81407037E+00
-8.97500E-03,-2.98366837E+00
-8.95000E-03,-3.06532666E+00
-8.92500E-03,-3.11557791E+00
-8.90000E-03,-3.31030153E+00
-8.87500E-03,-3.38567842E+00
-8.85000E-03,-3.41708545E+00
-8.82500E-03,-3.53643219E+00
-8.80000E-03,-3.71859299E+00
-8.77500E-03,-3.78768847E+00
-8.75000E-03,-3.86934676E+00
-8.72500E-03,-3.99497491E+00
-8.70000E-03,-4.02010053E+00
-8.67500E-03,-4.12060305E+00
-8.65000E-03,-4.22110556E+00
-8.62500E-03,-4.32160807E+00
-8.60000E-03,-4.32160807E+00
-8.57500E-03,-4.42211059E+00
-8.55000E-03,-4.52261310E+00
-8.52500E-03,-4.54145732E+00
-8.50000E-03,-4.62311561E+00
-8.47500E-03,-4.64824124E+00
-8.45000E-03,-4.76758798E+00
-8.42500E-03,-4.82412064E+00
-8.40000E-03,-4.92462315E+00
-8.37500E-03,-4.92462315E+00
-8.35000E-03,-5.02512567E+00
-8.32500E-03,-5.12562818E+00
-8.30000E-03,-5.21984929E+00
-8.27500E-03,-5.22613069E+00
-8.25000E-03,-5.32663321E+00
-8.22500E-03,-5.34547743E+00
-8.20000E-03,-5.52763823E+00
-8.17500E-03,-5.52763823E+00
-8.15000E-03,-5.62814075E+00
-8.12500E-03,-5.72864326E+00
-8.10000E-03,-5.72864326E+00
-8.07500E-03,-5.82914577E+00
-8.05000E-03,-5.92964829E+00
-8.02500E-03,-5.94849251E+00
-8.00000E-03,-6.03015080E+00
-7.97500E-03,-6.05527643E+00
-7.95000E-03,-6.13065331E+00
-7.92500E-03,-6.23115583E+00
-7.90000E-03,-6.23115583E+00
-7.87500E-03,-6.33165834E+00
-7.85000E-03,-6.33165834E+00
-7.82500E-03,-6.40703523E+00
-7.80000E-03,-6.43216085E+00
-7.77500E-03,-6.53266337E+00
-7.75000E-03,-6.53266337E+00
-7.72500E-03,-6.63316588E+00
-7.70000E-03,-6.72738699E+00
-7.67500E-03,-6.73366839E+00
-7.65000E-03,-6.83417091E+00
-7.62500E-03,-6.83417091E+00
-7.60000E-03,-6.93467342E+00
-7.57500E-03,-7.00376890E+00
-7.55000E-03,-7.03517593E+00
-7.52500E-03,-7.13567845E+00
-7.50000E-03,-7.23618096E+00
-7.47500E-03,-7.33668347E+00
-7.45000E-03,-7.33668347E+00
-7.42500E-03,-7.43718599E+00
-7.40000E-03,-7.53768850E+00
-7.37500E-03,-7.53768850E+00
-7.35000E-03,-7.63819101E+00
-7.32500E-03,-7.71356790E+00
-7.30000E-03,-7.73869353E+00
-7.27500E-03,-7.83919604E+00
-7.25000E-03,-7.93969855E+00
-7.22500E-03,-7.95854278E+00
-7.20000E-03,-8.04020107E+00
-7.17500E-03,-8.14070358E+00
-7.15000E-03,-8.14070358E+00
-7.12500E-03,-8.24120609E+00
-7.10000E-03,-8.34170861E+00
-7.07500E-03,-8.34170861E+00
-7.05000E-03,-8.44221112E+00
-7.02500E-03,-8.54271363E+00
-7.00000E-03,-8.63693474E+00
-6.97500E-03,-8.64321615E+00
-6.95000E-03,-8.69346740E+00
-6.92500E-03,-8.74371866E+00
-6.90000E-03,-8.84422117E+00
-6.87500E-03,-8.84422117E+00
-6.85000E-03,-8.94472369E+00
-6.82500E-03,-9.02010057E+00
-6.80000E-03,-9.04522620E+00
-6.77500E-03,-9.07035183E+00
-6.75000E-03,-9.14572871E+00
-6.72500E-03,-9.24623123E+00
-6.70000E-03,-9.34045233E+00
-6.67500E-03,-9.34673374E+00
-6.65000E-03,-9.34673374E+00
-6.62500E-03,-9.44723625E+00
-6.60000E-03,-9.44723625E+00
-6.57500E-03,-9.54773877E+00
-6.55000E-03,-9.64824128E+00
-6.52500E-03,-9.64824128E+00
-6.50000E-03,-9.74874379E+00
-6.47500E-03,-9.74874379E+00
-6.45000E-03,-9.79899505E+00
-6.42500E-03,-9.84924631E+00
-6.40000E-03,-9.84924631E+00
-6.37500E-03,-9.94974882E+00
-6.35000E-03,-10.00000008E+00
-6.32500E-03,-9.96859304E+00
-6.30000E-03,-10.05025133E+00
-6.27500E-03,-10.07537696E+00
-6.25000E-03,-10.15075385E+00
-6.22500E-03,-10.22613073E+00
-6.20000E-03,-10.25125636E+00
-6.17500E-03,-10.25125636E+00
-6.15000E-03,-10.35175887E+00
-6.12500E-03,-10.35175887E+00
-6.10000E-03,-10.35175887E+00
-6.07500E-03,-10.45226139E+00
-6.05000E-03,-10.45226139E+00
-6.02500E-03,-10.55276390E+00
-6.00000E-03,-10.55276390E+00
-5.97500E-03,-10.57788953E+00
-5.95000E-03,-10.65326642E+00
-5.92500E-03,-10.65326642E+00
-5.90000E-03,-10.75376893E+00
-5.87500E-03,-10.75376893E+00
-5.85000E-03,-10.80402019E+00
-5.82500E-03,-10.85427144E+00
-5.80000E-03,-10.85427144E+00
-5.77500E-03,-10.92336692E+00
-5.75000E-03,-10.95477396E+00
-5.72500E-03,-10.92964833E+00
-5.70000E-03,-10.95477396E+00
-5.67500E-03,-10.95477396E+00
-5.65000E-03,-10.95477396E+00
-5.62500E-03,-10.95477396E+00
-5.60000E-03,-10.95477396E+00
-5.57500E-03,-11.05527647E+00
-5.55000E-03,-11.05527647E+00
-5.52500E-03,-11.05527647E+00
-5.50000E-03,-11.05527647E+00
-5.47500E-03,-11.05527647E+00
-5.45000E-03,-11.05527647E+00
-5.42500E-03,-10.97361818E+00
-5.40000E-03,-10.95477396E+00
-5.37500E-03,-10.97989958E+00
-5.35000E-03,-11.05527647E+00
-5.32500E-03,-11.03015084E+00
-5.30000E-03,-10.95477396E+00
-5.27500E-03,-10.97989958E+00
-5.25000E-03,-10.95477396E+00
-5.22500E-03,-10.97361818E+00
-5.20000E-03,-10.95477396E+00
-5.17500E-03,-11.02386943E+00
-5.15000E-03,-10.95477396E+00
-5.12500E-03,-10.95477396E+00
-5.10000E-03,-10.95477396E+00
-5.07500E-03,-10.95477396E+00
-5.05000E-03,-10.95477396E+00
-5.02500E-03,-10.95477396E+00
-5.00000E-03,-10.95477396E+00
-4.97500E-03,-10.95477396E+00
-4.95000E-03,-10.99874380E+00
-4.92500E-03,-11.03015084E+00
-4.90000E-03,-10.95477396E+00
-4.87500E-03,-11.02386943E+00
-4.85000E-03,-11.05527647E+00
-4.82500E-03,-11.05527647E+00
-4.80000E-03,-11.05527647E+00
-4.77500E-03,-11.05527647E+00
-4.75000E-03,-11.05527647E+00
-4.72500E-03,-11.05527647E+00
-4.70000E-03,-11.05527647E+00
-4.67500E-03,-11.05527647E+00
-4.65000E-03,-11.05527647E+00
-4.62500E-03,-11.05527647E+00
-4.60000E-03,-11.05527647E+00
-4.57500E-03,-11.02386943E+00
-4.55000E-03,-11.05527647E+00
-4.52500E-03,-11.05527647E+00
-4.50000E-03,-11.05527647E+00
-4.47500E-03,-11.05527647E+00
-4.45000E-03,-11.00502521E+00
-4.42500E-03,-11.05527647E+00
-4.40000E-03,-11.05527647E+00
-4.37500E-03,-11.02386943E+00
-4.35000E-03,-11.05527647E+00
-4.32500E-03,-10.95477396E+00
-4.30000E-03,-10.95477396E+00
-4.27500E-03,-11.02386943E+00
-4.25000E-03,-10.95477396E+00
-4.22500E-03,-11.03015084E+00
-4.20000E-03,-11.04899506E+00
-4.17500E-03,-10.95477396E+00
-4.15000E-03,-11.00502521E+00
-4.12500E-03,-10.95477396E+00
-4.10000E-03,-10.95477396E+00
-4.07500E-03,-11.02386943E+00
-4.05000E-03,-10.95477396E+00
-4.02500E-03,-10.95477396E+00
-4.00000E-03,-10.95477396E+00
-3.97500E-03,-10.95477396E+00
-3.95000E-03,-10.95477396E+00
-3.92500E-03,-10.95477396E+00
-3.90000E-03,-10.95477396E+00
-3.87500E-03,-10.87939707E+00
-3.85000E-03,-10.85427144E+00
-3.82500E-03,-10.92964833E+00
-3.80000E-03,-10.85427144E+00
-3.77500E-03,-10.85427144E+00
-3.75000E-03,-10.79773878E+00
-3.72500E-03,-10.75376893E+00
-3.70000E-03,-10.75376893E+00
-3.67500E-03,-10.65326642E+00
-3.65000E-03,-10.65326642E+00
-3.62500E-03,-10.57160812E+00
-3.60000E-03,-10.55276390E+00
-3.57500E-03,-10.55276390E+00
-3.55000E-03,-10.45226139E+00
-3.52500E-03,-10.45226139E+00
-3.50000E-03,-10.44597998E+00
-3.47500E-03,-10.37688450E+00
-3.45000E-03,-10.35175887E+00
-3.42500E-03,-10.25125636E+00
-3.40000E-03,-10.25125636E+00
-3.37500E-03,-10.21984933E+00
-3.35000E-03,-10.15075385E+00
-3.32500E-03,-10.12562822E+00
-3.30000E-03,-10.05025133E+00
-3.27500E-03,-10.05025133E+00
-3.25000E-03,-9.94974882E+00
-3.22500E-03,-9.94974882E+00
-3.20000E-03,-9.94346741E+00
-3.17500E-03,-9.84924631E+00
-3.15000E-03,-9.84924631E+00
-3.12500E-03,-9.74874379E+00
-3.10000E-03,-9.74246239E+00
-3.07500E-03,-9.64824128E+00
-3.05000E-03,-9.64824128E+00
-3.02500E-03,-9.54773877E+00
-3.00000E-03,-9.54145736E+00
-2.97500E-03,-9.47236188E+00
-2.95000E-03,-9.44723625E+00
-2.92500E-03,-9.44723625E+00
-2.90000E-03,-9.34673374E+00
-2.87500E-03,-9.31532671E+00
-2.85000E-03,-9.24623123E+00
-2.82500E-03,-9.14572871E+00
-2.80000E-03,-9.14572871E+00
-2.77500E-03,-9.04522620E+00
-2.75000E-03,-9.04522620E+00
-2.72500E-03,-9.04522620E+00
-2.70000E-03,-8.94472369E+00
-2.67500E-03,-8.94472369E+00
-2.65000E-03,-8.89447243E+00
-2.62500E-03,-8.84422117E+00
-2.60000E-03,-8.83793977E+00
-2.57500E-03,-8.74371866E+00
-2.55000E-03,-8.74371866E+00
-2.52500E-03,-8.71859303E+00
-2.50000E-03,-8.64321615E+00
-2.47500E-03,-8.61180911E+00
-2.45000E-03,-8.54271363E+00
-2.42500E-03,-8.54271363E+00
-2.40000E-03,-8.44221112E+00
-2.37500E-03,-8.44221112E+00
-2.35000E-03,-8.39195986E+00
-2.32500E-03,-8.36055283E+00
-2.30000E-03,-8.34170861E+00
-2.27500E-03,-8.34170861E+00
-2.25000E-03,-8.34170861E+00
-2.22500E-03,-8.24120609E+00
-2.20000E-03,-8.23492469E+00
-2.17500E-03,-8.14070358E+00
-2.15000E-03,-8.09045232E+00
-2.12500E-03,-8.04020107E+00
-2.10000E-03,-7.93969855E+00
-2.07500E-03,-7.83919604E+00
-2.05000E-03,-7.78266338E+00
-2.02500E-03,-7.63819101E+00
-2.00000E-03,-7.53768850E+00
-1.97500E-03,-7.50628147E+00
-1.95000E-03,-7.33668347E+00
-1.92500E-03,-7.23618096E+00
-1.90000E-03,-7.13567845E+00
-1.87500E-03,-7.13567845E+00
-1.85000E-03,-7.03517593E+00
-1.82500E-03,-6.93467342E+00
-1.80000E-03,-6.83417091E+00
-1.77500E-03,-6.73366839E+00
-1.75000E-03,-6.73366839E+00
-1.72500E-03,-6.63316588E+00
-1.70000E-03,-6.53266337E+00
-1.67500E-03,-6.43216085E+00
-1.65000E-03,-6.33165834E+00
-1.62500E-03,-6.30653271E+00
-1.60000E-03,-6.23115583E+00
-1.57500E-03,-6.13065331E+00
-1.55000E-03,-6.13065331E+00
-1.52500E-03,-6.00502517E+00
-1.50000E-03,-5.92964829E+00
-1.47500E-03,-5.82914577E+00
-1.45000E-03,-5.72864326E+00
-1.42500E-03,-5.62814075E+00
-1.40000E-03,-5.52763823E+00
-1.37500E-03,-5.42713572E+00
-1.35000E-03,-5.32663321E+00
-1.32500E-03,-5.12562818E+00
-1.30000E-03,-5.11934677E+00
-1.27500E-03,-4.92462315E+00
-1.25000E-03,-4.82412064E+00
-1.22500E-03,-4.72361813E+00
-1.20000E-03,-4.62311561E+00
-1.17500E-03,-4.52261310E+00
-1.15000E-03,-4.42211059E+00
-1.12500E-03,-4.32160807E+00
-1.10000E-03,-4.22110556E+00
-1.07500E-03,-4.12060305E+00
-1.05000E-03,-4.02010053E+00
-1.02500E-03,-3.91959802E+00
-1.00000E-03,-3.81909551E+00
-975.00E-06,-3.71859299E+00
-950.00E-06,-3.61809048E+00
-925.00E-06,-3.59296485E+00
-900.00E-06,-3.41708545E+00
-875.00E-06,-3.38567842E+00
-850.00E-06,-3.31658294E+00
-825.00E-06,-3.19095480E+00
-800.00E-06,-3.10929651E+00
-775.00E-06,-2.98366837E+00
-750.00E-06,-2.91457289E+00
-725.00E-06,-2.81407037E+00
-700.00E-06,-2.71356786E+00
-675.00E-06,-2.61306535E+00
-650.00E-06,-2.56281409E+00
-625.00E-06,-2.48743721E+00
-600.00E-06,-2.41206032E+00
-575.00E-06,-2.31155781E+00
-550.00E-06,-2.21105529E+00
-525.00E-06,-2.12939700E+00
-500.00E-06,-2.01005027E+00
-475.00E-06,-2.01005027E+00
-450.00E-06,-1.90954775E+00
-425.00E-06,-1.90954775E+00
-400.00E-06,-1.80276383E+00
-375.00E-06,-1.70854273E+00
-350.00E-06,-1.60804021E+00
-325.00E-06,-1.50753770E+00
-300.00E-06,-1.50753770E+00
-275.00E-06,-1.40703519E+00
-250.00E-06,-1.40703519E+00
-225.00E-06,-1.30653267E+00
-200.00E-06,-1.20603016E+00
-175.00E-06,-1.10552765E+00
-150.00E-06,-1.10552765E+00
-125.00E-06,-1.00502513E+00
-100.00E-06,-904.52262E-03
-75.00E-06,-904.52262E-03
-50.00E-06,-804.02011E-03
-25.00E-06,-703.51759E-03
+0.0E+00,-697.23619E-03
+25.00E-06,-603.01508E-03
+50.00E-06,-502.51257E-03
+75.00E-06,-402.01005E-03
+100.00E-06,-301.50754E-03
+125.00E-06,-301.50754E-03
+150.00E-06,-201.00503E-03
+175.00E-06,-100.50251E-03
+200.00E-06,+0.0E+00
+225.00E-06,+0.0E+00
+250.00E-06,+100.50251E-03
+275.00E-06,+201.00503E-03
+300.00E-06,+301.50754E-03
+325.00E-06,+301.50754E-03
+350.00E-06,+402.01005E-03
+375.00E-06,+502.51257E-03
+400.00E-06,+603.01508E-03
+425.00E-06,+703.51759E-03
+450.00E-06,+804.02011E-03
+475.00E-06,+904.52262E-03
+500.00E-06,+904.52262E-03
+525.00E-06,+1.00502513E+00
+550.00E-06,+1.10552765E+00
+575.00E-06,+1.20603016E+00
+600.00E-06,+1.30653267E+00
+625.00E-06,+1.37562815E+00
+650.00E-06,+1.45728644E+00
+675.00E-06,+1.60804021E+00
+700.00E-06,+1.60804021E+00
+725.00E-06,+1.70854273E+00
+750.00E-06,+1.80904524E+00
+775.00E-06,+1.88442213E+00
+800.00E-06,+1.90954775E+00
+825.00E-06,+2.01005027E+00
+850.00E-06,+2.16080404E+00
+875.00E-06,+2.21105529E+00
+900.00E-06,+2.31155781E+00
+925.00E-06,+2.41206032E+00
+950.00E-06,+2.51256283E+00
+975.00E-06,+2.61306535E+00
+1.00000E-03,+2.71356786E+00
+1.02500E-03,+2.81407037E+00
+1.05000E-03,+2.86432163E+00
+1.07500E-03,+2.93341711E+00
+1.10000E-03,+3.01507540E+00
+1.12500E-03,+3.11557791E+00
+1.15000E-03,+3.26633168E+00
+1.17500E-03,+3.41708545E+00
+1.20000E-03,+3.51758797E+00
+1.22500E-03,+3.61809048E+00
+1.25000E-03,+3.66206033E+00
+1.27500E-03,+3.73743722E+00
+1.30000E-03,+3.81909551E+00
+1.32500E-03,+3.91959802E+00
+1.35000E-03,+4.02010053E+00
+1.37500E-03,+4.03894476E+00
+1.40000E-03,+4.12060305E+00
+1.42500E-03,+4.22110556E+00
+1.45000E-03,+4.32160807E+00
+1.47500E-03,+4.32160807E+00
+1.50000E-03,+4.42211059E+00
+1.52500E-03,+4.42211059E+00
+1.55000E-03,+4.52261310E+00
+1.57500E-03,+4.62311561E+00
+1.60000E-03,+4.62311561E+00
+1.62500E-03,+4.74874376E+00
+1.65000E-03,+4.82412064E+00
+1.67500E-03,+4.92462315E+00
+1.70000E-03,+5.02512567E+00
+1.72500E-03,+5.02512567E+00
+1.75000E-03,+5.12562818E+00
+1.77500E-03,+5.22613069E+00
+1.80000E-03,+5.22613069E+00
+1.82500E-03,+5.35175884E+00
+1.85000E-03,+5.42713572E+00
+1.87500E-03,+5.50251261E+00
+1.90000E-03,+5.52763823E+00
+1.92500E-03,+5.62814075E+00
+1.95000E-03,+5.72864326E+00
+1.97500E-03,+5.72864326E+00
+2.00000E-03,+5.82914577E+00
+2.02500E-03,+5.92964829E+00
+2.05000E-03,+5.92964829E+00
+2.07500E-03,+6.03015080E+00
+2.10000E-03,+6.12437191E+00
+2.12500E-03,+6.05527643E+00
+2.15000E-03,+6.13065331E+00
+2.17500E-03,+6.23115583E+00
+2.20000E-03,+6.23115583E+00
+2.22500E-03,+6.33165834E+00
+2.25000E-03,+6.33165834E+00
+2.27500E-03,+6.43216085E+00
+2.30000E-03,+6.53266337E+00
+2.32500E-03,+6.60175885E+00
+2.35000E-03,+6.63316588E+00
+2.37500E-03,+6.73366839E+00
+2.40000E-03,+6.82788950E+00
+2.42500E-03,+6.83417091E+00
+2.45000E-03,+6.87814076E+00
+2.47500E-03,+6.95351764E+00
+2.50000E-03,+7.03517593E+00
+2.52500E-03,+7.13567845E+00
+2.55000E-03,+7.18592970E+00
+2.57500E-03,+7.23618096E+00
+2.60000E-03,+7.33668347E+00
+2.62500E-03,+7.43718599E+00
+2.65000E-03,+7.43718599E+00
+2.67500E-03,+7.53768850E+00
+2.70000E-03,+7.53768850E+00
+2.72500E-03,+7.63819101E+00
+2.75000E-03,+7.73869353E+00
+2.77500E-03,+7.83919604E+00
+2.80000E-03,+7.83919604E+00
+2.82500E-03,+7.93969855E+00
+2.85000E-03,+8.04020107E+00
+2.87500E-03,+8.04020107E+00
+2.90000E-03,+8.14070358E+00
+2.92500E-03,+8.24120609E+00
+2.95000E-03,+8.24120609E+00
+2.97500E-03,+8.34170861E+00
+3.00000E-03,+8.34170861E+00
+3.02500E-03,+8.44221112E+00
+3.05000E-03,+8.54271363E+00
+3.07500E-03,+8.54271363E+00
+3.10000E-03,+8.64321615E+00
+3.12500E-03,+8.74371866E+00
+3.15000E-03,+8.74371866E+00
+3.17500E-03,+8.84422117E+00
+3.20000E-03,+8.84422117E+00
+3.22500E-03,+8.91331665E+00
+3.25000E-03,+8.94472369E+00
+3.27500E-03,+9.04522620E+00
+3.30000E-03,+9.04522620E+00
+3.32500E-03,+9.14572871E+00
+3.35000E-03,+9.24623123E+00
+3.37500E-03,+9.24623123E+00
+3.40000E-03,+9.24623123E+00
+3.42500E-03,+9.34673374E+00
+3.45000E-03,+9.44723625E+00
+3.47500E-03,+9.44723625E+00
+3.50000E-03,+9.54145736E+00
+3.52500E-03,+9.54773877E+00
+3.55000E-03,+9.54773877E+00
+3.57500E-03,+9.64824128E+00
+3.60000E-03,+9.74874379E+00
+3.62500E-03,+9.74874379E+00
+3.65000E-03,+9.74874379E+00
+3.67500E-03,+9.84924631E+00
+3.70000E-03,+9.84924631E+00
+3.72500E-03,+9.94974882E+00
+3.75000E-03,+9.94974882E+00
+3.77500E-03,+10.05025133E+00
+3.80000E-03,+10.05025133E+00
+3.82500E-03,+10.15075385E+00
+3.85000E-03,+10.15075385E+00
+3.87500E-03,+10.16959807E+00
+3.90000E-03,+10.25125636E+00
+3.92500E-03,+10.25125636E+00
+3.95000E-03,+10.25125636E+00
+3.97500E-03,+10.35175887E+00
+4.00000E-03,+10.35175887E+00
+4.02500E-03,+10.45226139E+00
+4.05000E-03,+10.45226139E+00
+4.07500E-03,+10.52763827E+00
+4.10000E-03,+10.55276390E+00
+4.12500E-03,+10.62185938E+00
+4.15000E-03,+10.65326642E+00
+4.17500E-03,+10.65326642E+00
+4.20000E-03,+10.65326642E+00
+4.22500E-03,+10.67839204E+00
+4.25000E-03,+10.75376893E+00
+4.27500E-03,+10.75376893E+00
+4.30000E-03,+10.75376893E+00
+4.32500E-03,+10.75376893E+00
+4.35000E-03,+10.80402019E+00
+4.37500E-03,+10.85427144E+00
+4.40000E-03,+10.85427144E+00
+4.42500E-03,+10.85427144E+00
+4.45000E-03,+10.85427144E+00
+4.47500E-03,+10.85427144E+00
+4.50000E-03,+10.85427144E+00
+4.52500E-03,+10.85427144E+00
+4.55000E-03,+10.85427144E+00
+4.57500E-03,+10.85427144E+00
+4.60000E-03,+10.85427144E+00
+4.62500E-03,+10.85427144E+00
+4.65000E-03,+10.85427144E+00
+4.67500E-03,+10.85427144E+00
+4.70000E-03,+10.85427144E+00
+4.72500E-03,+10.85427144E+00
+4.75000E-03,+10.85427144E+00
+4.77500E-03,+10.85427144E+00
+4.80000E-03,+10.85427144E+00
+4.82500E-03,+10.85427144E+00
+4.85000E-03,+10.75376893E+00
+4.87500E-03,+10.85427144E+00
+4.90000E-03,+10.84799003E+00
+4.92500E-03,+10.85427144E+00
+4.95000E-03,+10.85427144E+00
+4.97500E-03,+10.85427144E+00
+5.00000E-03,+10.85427144E+00
+5.02500E-03,+10.85427144E+00
+5.05000E-03,+10.85427144E+00
+5.07500E-03,+10.85427144E+00
+5.10000E-03,+10.85427144E+00
+5.12500E-03,+10.85427144E+00
+5.15000E-03,+10.85427144E+00
+5.17500E-03,+10.85427144E+00
+5.20000E-03,+10.85427144E+00
+5.22500E-03,+10.85427144E+00
+5.25000E-03,+10.85427144E+00
+5.27500E-03,+10.85427144E+00
+5.30000E-03,+10.85427144E+00
+5.32500E-03,+10.85427144E+00
+5.35000E-03,+10.85427144E+00
+5.37500E-03,+10.85427144E+00
+5.40000E-03,+10.85427144E+00
+5.42500E-03,+10.85427144E+00
+5.45000E-03,+10.85427144E+00
+5.47500E-03,+10.85427144E+00
+5.50000E-03,+10.94849255E+00
+5.52500E-03,+10.85427144E+00
+5.55000E-03,+10.85427144E+00
+5.57500E-03,+10.85427144E+00
+5.60000E-03,+10.85427144E+00
+5.62500E-03,+10.85427144E+00
+5.65000E-03,+10.85427144E+00
+5.67500E-03,+10.85427144E+00
+5.70000E-03,+10.85427144E+00
+5.72500E-03,+10.85427144E+00
+5.75000E-03,+10.85427144E+00
+5.77500E-03,+10.85427144E+00
+5.80000E-03,+10.85427144E+00
+5.82500E-03,+10.85427144E+00
+5.85000E-03,+10.85427144E+00
+5.87500E-03,+10.82914581E+00
+5.90000E-03,+10.75376893E+00
+5.92500E-03,+10.85427144E+00
+5.95000E-03,+10.79773878E+00
+5.97500E-03,+10.85427144E+00
+6.00000E-03,+10.75376893E+00
+6.02500E-03,+10.75376893E+00
+6.05000E-03,+10.75376893E+00
+6.07500E-03,+10.75376893E+00
+6.10000E-03,+10.75376893E+00
+6.12500E-03,+10.75376893E+00
+6.15000E-03,+10.75376893E+00
+6.17500E-03,+10.65326642E+00
+6.20000E-03,+10.65326642E+00
+6.22500E-03,+10.65326642E+00
+6.25000E-03,+10.65326642E+00
+6.27500E-03,+10.55276390E+00
+6.30000E-03,+10.55276390E+00
+6.32500E-03,+10.55276390E+00
+6.35000E-03,+10.45226139E+00
+6.37500E-03,+10.45226139E+00
+6.40000E-03,+10.45226139E+00
+6.42500E-03,+10.35175887E+00
+6.45000E-03,+10.29522621E+00
+6.47500E-03,+10.25125636E+00
+6.50000E-03,+10.25125636E+00
+6.52500E-03,+10.25125636E+00
+6.55000E-03,+10.15075385E+00
+6.57500E-03,+10.06909556E+00
+6.60000E-03,+10.05025133E+00
+6.62500E-03,+10.05025133E+00
+6.65000E-03,+9.94974882E+00
+6.67500E-03,+9.86809053E+00
+6.70000E-03,+9.84924631E+00
+6.72500E-03,+9.81783927E+00
+6.75000E-03,+9.79899505E+00
+6.77500E-03,+9.74874379E+00
+6.80000E-03,+9.64824128E+00
+6.82500E-03,+9.64824128E+00
+6.85000E-03,+9.59799002E+00
+6.87500E-03,+9.54773877E+00
+6.90000E-03,+9.44723625E+00
+6.92500E-03,+9.44723625E+00
+6.95000E-03,+9.44723625E+00
+6.97500E-03,+9.34673374E+00
+7.00000E-03,+9.34673374E+00
+7.02500E-03,+9.27135686E+00
+7.05000E-03,+9.24623123E+00
+7.07500E-03,+9.24623123E+00
+7.10000E-03,+9.14572871E+00
+7.12500E-03,+9.14572871E+00
+7.15000E-03,+9.04522620E+00
+7.17500E-03,+8.94472369E+00
+7.20000E-03,+8.94472369E+00
+7.22500E-03,+8.94472369E+00
+7.25000E-03,+8.84422117E+00
+7.27500E-03,+8.84422117E+00
+7.30000E-03,+8.83793977E+00
+7.32500E-03,+8.74371866E+00
+7.35000E-03,+8.74371866E+00
+7.37500E-03,+8.66206037E+00
+7.40000E-03,+8.64321615E+00
+7.42500E-03,+8.54271363E+00
+7.45000E-03,+8.54271363E+00
+7.47500E-03,+8.54271363E+00
+7.50000E-03,+8.44221112E+00
+7.52500E-03,+8.44221112E+00
+7.55000E-03,+8.44221112E+00
+7.57500E-03,+8.34170861E+00
+7.60000E-03,+8.34170861E+00
+7.62500E-03,+8.31030157E+00
+7.65000E-03,+8.24120609E+00
+7.67500E-03,+8.24120609E+00
+7.70000E-03,+8.14070358E+00
+7.72500E-03,+8.14070358E+00
+7.75000E-03,+8.14070358E+00
+7.77500E-03,+8.04020107E+00
+7.80000E-03,+8.04020107E+00
+7.82500E-03,+7.96482418E+00
+7.85000E-03,+7.93969855E+00
+7.87500E-03,+7.83919604E+00
+7.90000E-03,+7.73869353E+00
+7.92500E-03,+7.63819101E+00
+7.95000E-03,+7.63819101E+00
+7.97500E-03,+7.43718599E+00
+8.00000E-03,+7.43090458E+00
+8.02500E-03,+7.33668347E+00
+8.05000E-03,+7.23618096E+00
+8.07500E-03,+7.13567845E+00
+8.10000E-03,+7.03517593E+00
+8.12500E-03,+6.93467342E+00
+8.15000E-03,+6.87814076E+00
+8.17500E-03,+6.75251262E+00
+8.20000E-03,+6.73366839E+00
+8.22500E-03,+6.63316588E+00
+8.25000E-03,+6.53266337E+00
+8.27500E-03,+6.45100508E+00
+8.30000E-03,+6.42587945E+00
+8.32500E-03,+6.33165834E+00
+8.35000E-03,+6.23115583E+00
+8.37500E-03,+6.14949754E+00
+8.40000E-03,+6.03015080E+00
+8.42500E-03,+6.03015080E+00
+8.45000E-03,+5.92964829E+00
+8.47500E-03,+5.82914577E+00
+8.50000E-03,+5.72864326E+00
+8.52500E-03,+5.72864326E+00
+8.55000E-03,+5.52763823E+00
+8.57500E-03,+5.52763823E+00
+8.60000E-03,+5.42713572E+00
+8.62500E-03,+5.22613069E+00
+8.65000E-03,+5.12562818E+00
+8.67500E-03,+5.10050255E+00
+8.70000E-03,+4.92462315E+00
+8.72500E-03,+4.82412064E+00
+8.75000E-03,+4.62311561E+00
+8.77500E-03,+4.52261310E+00
+8.80000E-03,+4.52261310E+00
+8.82500E-03,+4.32160807E+00
+8.85000E-03,+4.32160807E+00
+8.87500E-03,+4.22110556E+00
+8.90000E-03,+4.02010053E+00
+8.92500E-03,+3.91959802E+00
+8.95000E-03,+3.91959802E+00
+8.97500E-03,+3.71859299E+00
+9.00000E-03,+3.71859299E+00
+9.02500E-03,+3.61809048E+00
+9.05000E-03,+3.51758797E+00
+9.07500E-03,+3.41708545E+00
+9.10000E-03,+3.31658294E+00
+9.12500E-03,+3.21608043E+00
+9.15000E-03,+3.11557791E+00
+9.17500E-03,+3.01507540E+00
+9.20000E-03,+2.91457289E+00
+9.22500E-03,+2.83919600E+00
+9.25000E-03,+2.71356786E+00
+9.27500E-03,+2.71356786E+00
+9.30000E-03,+2.51256283E+00
+9.32500E-03,+2.51256283E+00
+9.35000E-03,+2.41206032E+00
+9.37500E-03,+2.31155781E+00
+9.40000E-03,+2.21105529E+00
+9.42500E-03,+2.11055278E+00
+9.45000E-03,+2.11055278E+00
+9.47500E-03,+2.01005027E+00
+9.50000E-03,+1.90954775E+00
+9.52500E-03,+1.80904524E+00
+9.55000E-03,+1.75879398E+00
+9.57500E-03,+1.70854273E+00
+9.60000E-03,+1.60804021E+00
+9.62500E-03,+1.50753770E+00
+9.65000E-03,+1.50753770E+00
+9.67500E-03,+1.40703519E+00
+9.70000E-03,+1.30653267E+00
+9.72500E-03,+1.30653267E+00
+9.75000E-03,+1.20603016E+00
+9.77500E-03,+1.18090453E+00
+9.80000E-03,+1.10552765E+00
+9.82500E-03,+1.00502513E+00
+9.85000E-03,+1.00502513E+00
+9.87500E-03,+904.52262E-03
+9.90000E-03,+804.02011E-03
+9.92500E-03,+804.02011E-03
+9.95000E-03,+653.26634E-03
+9.97500E-03,+603.01508E-03
+10.00000E-03,+596.73367E-03
+10.02500E-03,+502.51257E-03
+10.05000E-03,+402.01005E-03
+10.07500E-03,+301.50754E-03
+10.10000E-03,+301.50754E-03
+10.12500E-03,+201.00503E-03
+10.15000E-03,+100.50251E-03
+10.17500E-03,+0.0E+00
+10.20000E-03,+0.0E+00
+10.22500E-03,-125.62814E-03
+10.25000E-03,-201.00503E-03
+10.27500E-03,-301.50754E-03
+10.30000E-03,-402.01005E-03
+10.32500E-03,-502.51257E-03
+10.35000E-03,-502.51257E-03
+10.37500E-03,-603.01508E-03
+10.40000E-03,-703.51759E-03
+10.42500E-03,-804.02011E-03
+10.45000E-03,-854.27136E-03
+10.47500E-03,-979.89951E-03
+10.50000E-03,-1.00502513E+00
+10.52500E-03,-1.10552765E+00
+10.55000E-03,-1.20603016E+00
+10.57500E-03,-1.30653267E+00
+10.60000E-03,-1.40703519E+00
+10.62500E-03,-1.50753770E+00
+10.65000E-03,-1.60804021E+00
+10.67500E-03,-1.70854273E+00
+10.70000E-03,-1.70854273E+00
+10.72500E-03,-1.80904524E+00
+10.75000E-03,-1.90954775E+00
+10.77500E-03,-2.01005027E+00
+10.80000E-03,-2.11055278E+00
+10.82500E-03,-2.21105529E+00
+10.85000E-03,-2.26130655E+00
+10.87500E-03,-2.38693469E+00
+10.90000E-03,-2.41206032E+00
+10.92500E-03,-2.51256283E+00
+10.95000E-03,-2.61306535E+00
+10.97500E-03,-2.71356786E+00
+11.00000E-03,-2.90829148E+00
+11.02500E-03,-2.91457289E+00
+11.05000E-03,-3.01507540E+00
+11.07500E-03,-3.11557791E+00
+11.10000E-03,-3.21608043E+00
+11.12500E-03,-3.31658294E+00
+11.15000E-03,-3.41708545E+00
+11.17500E-03,-3.59296485E+00
+11.20000E-03,-3.61809048E+00
+11.22500E-03,-3.71859299E+00
+11.25000E-03,-3.81909551E+00
+11.27500E-03,-3.91959802E+00
+11.30000E-03,-4.02010053E+00
+11.32500E-03,-4.12060305E+00
+11.35000E-03,-4.22110556E+00
+11.37500E-03,-4.22110556E+00
+11.40000E-03,-4.32160807E+00
+11.42500E-03,-4.42211059E+00
+11.45000E-03,-4.42211059E+00
+11.47500E-03,-4.52261310E+00
+11.50000E-03,-4.62311561E+00
+11.52500E-03,-4.69221109E+00
+11.55000E-03,-4.72361813E+00
+11.57500E-03,-4.82412064E+00
+11.60000E-03,-4.91834175E+00
+11.62500E-03,-5.02512567E+00
+11.65000E-03,-5.02512567E+00
+11.67500E-03,-5.02512567E+00
+11.70000E-03,-5.12562818E+00
+11.72500E-03,-5.22613069E+00
+11.75000E-03,-5.32663321E+00
+11.77500E-03,-5.34547743E+00
+11.80000E-03,-5.42713572E+00
+11.82500E-03,-5.52763823E+00
+11.85000E-03,-5.62814075E+00
+11.87500E-03,-5.62814075E+00
+11.90000E-03,-5.72864326E+00
+11.92500E-03,-5.82914577E+00
+11.95000E-03,-5.87939703E+00
+11.97500E-03,-5.92964829E+00
+12.00000E-03,-6.02386939E+00
+12.02500E-03,-6.03015080E+00
+12.05000E-03,-6.13065331E+00
+12.07500E-03,-6.20603020E+00
+12.10000E-03,-6.23115583E+00
+12.12500E-03,-6.25628146E+00
+12.15000E-03,-6.33165834E+00
+12.17500E-03,-6.33165834E+00
+12.20000E-03,-6.43216085E+00
+12.22500E-03,-6.45728648E+00
+12.25000E-03,-6.53266337E+00
+12.27500E-03,-6.60804025E+00
+12.30000E-03,-6.63316588E+00
+12.32500E-03,-6.73366839E+00
+12.35000E-03,-6.78391965E+00
+12.37500E-03,-6.83417091E+00
+12.40000E-03,-6.93467342E+00
+12.42500E-03,-7.00376890E+00
+12.45000E-03,-7.07914578E+00
+12.47500E-03,-7.13567845E+00
+12.50000E-03,-7.23618096E+00
+12.52500E-03,-7.23618096E+00
+12.55000E-03,-7.33668347E+00
+12.57500E-03,-7.35552770E+00
+12.60000E-03,-7.43718599E+00
+12.62500E-03,-7.53768850E+00
+12.65000E-03,-7.63819101E+00
+12.67500E-03,-7.63819101E+00
+12.70000E-03,-7.73869353E+00
+12.72500E-03,-7.83919604E+00
+12.75000E-03,-7.88944730E+00
+12.77500E-03,-8.01507544E+00
+12.80000E-03,-7.93969855E+00
+12.82500E-03,-8.14070358E+00
+12.85000E-03,-8.14070358E+00
+12.87500E-03,-8.24120609E+00
+12.90000E-03,-8.33542720E+00
+12.92500E-03,-8.34170861E+00
+12.95000E-03,-8.44221112E+00
+12.97500E-03,-8.54271363E+00
+13.00000E-03,-8.54271363E+00
+13.02500E-03,-8.64321615E+00
+13.05000E-03,-8.74371866E+00
+13.07500E-03,-8.74371866E+00
+13.10000E-03,-8.84422117E+00
+13.12500E-03,-8.84422117E+00
+13.15000E-03,-8.94472369E+00
+13.17500E-03,-9.02010057E+00
+13.20000E-03,-9.04522620E+00
+13.22500E-03,-9.14572871E+00
+13.25000E-03,-9.14572871E+00
+13.27500E-03,-9.24623123E+00
+13.30000E-03,-9.24623123E+00
+13.32500E-03,-9.34673374E+00
+13.35000E-03,-9.34673374E+00
+13.37500E-03,-9.44723625E+00
+13.40000E-03,-9.44723625E+00
+13.42500E-03,-9.54773877E+00
+13.45000E-03,-9.59799002E+00
+13.47500E-03,-9.64824128E+00
+13.50000E-03,-9.64824128E+00
+13.52500E-03,-9.74874379E+00
+13.55000E-03,-9.79899505E+00
+13.57500E-03,-9.84924631E+00
+13.60000E-03,-9.84924631E+00
+13.62500E-03,-9.84924631E+00
+13.65000E-03,-9.94974882E+00
+13.67500E-03,-10.05025133E+00
+13.70000E-03,-10.05025133E+00
+13.72500E-03,-10.15075385E+00
+13.75000E-03,-10.15075385E+00
+13.77500E-03,-10.15075385E+00
+13.80000E-03,-10.15075385E+00
+13.82500E-03,-10.25125636E+00
+13.85000E-03,-10.35175887E+00
+13.87500E-03,-10.35175887E+00
+13.90000E-03,-10.35175887E+00
+13.92500E-03,-10.45226139E+00
+13.95000E-03,-10.45226139E+00
+13.97500E-03,-10.55276390E+00
+14.00000E-03,-10.55276390E+00
+14.02500E-03,-10.55276390E+00
+14.05000E-03,-10.65326642E+00
+14.07500E-03,-10.65326642E+00
+14.10000E-03,-10.75376893E+00
+14.12500E-03,-10.75376893E+00
+14.15000E-03,-10.75376893E+00
+14.17500E-03,-10.85427144E+00
+14.20000E-03,-10.85427144E+00
+14.22500E-03,-10.85427144E+00
+14.25000E-03,-10.85427144E+00
+14.27500E-03,-10.95477396E+00
+14.30000E-03,-10.95477396E+00
+14.32500E-03,-10.95477396E+00
+14.35000E-03,-10.95477396E+00
+14.37500E-03,-10.95477396E+00
+14.40000E-03,-10.95477396E+00
+14.42500E-03,-11.02386943E+00
+14.45000E-03,-10.99874380E+00
+14.47500E-03,-10.97361818E+00
+14.50000E-03,-11.05527647E+00
+14.52500E-03,-11.05527647E+00
+14.55000E-03,-11.05527647E+00
+14.57500E-03,-10.97361818E+00
+14.60000E-03,-11.05527647E+00
+14.62500E-03,-11.05527647E+00
+14.65000E-03,-11.00502521E+00
+14.67500E-03,-11.05527647E+00
+14.70000E-03,-10.95477396E+00
+14.72500E-03,-10.95477396E+00
+14.75000E-03,-11.05527647E+00
+14.77500E-03,-10.95477396E+00
+14.80000E-03,-10.95477396E+00
+14.82500E-03,-10.97989958E+00
+14.85000E-03,-11.00502521E+00
+14.87500E-03,-10.95477396E+00
+14.90000E-03,-10.95477396E+00
+14.92500E-03,-10.95477396E+00
+14.95000E-03,-10.95477396E+00
+14.97500E-03,-10.95477396E+00
+15.00000E-03,-10.95477396E+00
+15.02500E-03,-10.95477396E+00
+15.05000E-03,-10.95477396E+00
+15.07500E-03,-11.05527647E+00
+15.10000E-03,-11.05527647E+00
+15.12500E-03,-11.05527647E+00
+15.15000E-03,-11.00502521E+00
+15.17500E-03,-11.05527647E+00
+15.20000E-03,-11.05527647E+00
+15.22500E-03,-11.05527647E+00
+15.25000E-03,-11.05527647E+00
+15.27500E-03,-11.05527647E+00
+15.30000E-03,-11.05527647E+00
+15.32500E-03,-11.02386943E+00
+15.35000E-03,-11.05527647E+00
+15.37500E-03,-11.05527647E+00
+15.40000E-03,-11.05527647E+00
+15.42500E-03,-10.97989958E+00
+15.45000E-03,-11.05527647E+00
+15.47500E-03,-11.03015084E+00
+15.50000E-03,-11.05527647E+00
+15.52500E-03,-11.05527647E+00
+15.55000E-03,-11.05527647E+00
+15.57500E-03,-11.05527647E+00
+15.60000E-03,-10.95477396E+00
+15.62500E-03,-11.02386943E+00
+15.65000E-03,-10.99874380E+00
+15.67500E-03,-10.97361818E+00
+15.70000E-03,-10.95477396E+00
+15.72500E-03,-11.02386943E+00
+15.75000E-03,-10.95477396E+00
+15.77500E-03,-11.03015084E+00
+15.80000E-03,-10.95477396E+00
+15.82500E-03,-10.95477396E+00
+15.85000E-03,-11.00502521E+00
+15.87500E-03,-10.95477396E+00
+15.90000E-03,-10.95477396E+00
+15.92500E-03,-10.95477396E+00
+15.95000E-03,-10.95477396E+00
+15.97500E-03,-10.95477396E+00
+16.00000E-03,-10.95477396E+00
+16.02500E-03,-10.95477396E+00
+16.05000E-03,-10.95477396E+00
+16.07500E-03,-10.95477396E+00
+16.10000E-03,-10.85427144E+00
+16.12500E-03,-10.85427144E+00
+16.15000E-03,-10.90452270E+00
+16.17500E-03,-10.85427144E+00
+16.20000E-03,-10.85427144E+00
+16.22500E-03,-10.85427144E+00
+16.25000E-03,-10.75376893E+00
+16.27500E-03,-10.75376893E+00
+16.30000E-03,-10.65326642E+00
+16.32500E-03,-10.65326642E+00
+16.35000E-03,-10.65326642E+00
+16.37500E-03,-10.62814079E+00
+16.40000E-03,-10.55276390E+00
+16.42500E-03,-10.55276390E+00
+16.45000E-03,-10.50251264E+00
+16.47500E-03,-10.45226139E+00
+16.50000E-03,-10.35175887E+00
+16.52500E-03,-10.37688450E+00
+16.55000E-03,-10.35175887E+00
+16.57500E-03,-10.25125636E+00
+16.60000E-03,-10.25125636E+00
+16.62500E-03,-10.21984933E+00
+16.65000E-03,-10.15075385E+00
+16.67500E-03,-10.15075385E+00
+16.70000E-03,-10.05025133E+00
+16.72500E-03,-9.97487445E+00
+16.75000E-03,-9.94974882E+00
+16.77500E-03,-9.92462319E+00
+16.80000E-03,-9.84924631E+00
+16.82500E-03,-9.77386942E+00
+16.85000E-03,-9.74874379E+00
+16.87500E-03,-9.74874379E+00
+16.90000E-03,-9.64824128E+00
+16.92500E-03,-9.64824128E+00
+16.95000E-03,-9.59170862E+00
+16.97500E-03,-9.54773877E+00
+17.00000E-03,-9.54145736E+00
+17.02500E-03,-9.44723625E+00
+17.05000E-03,-9.44723625E+00
+17.07500E-03,-9.34673374E+00
+17.10000E-03,-9.34673374E+00
+17.12500E-03,-9.24623123E+00
+17.15000E-03,-9.24623123E+00
+17.17500E-03,-9.22110560E+00
+17.20000E-03,-9.14572871E+00
+17.22500E-03,-9.14572871E+00
+17.25000E-03,-9.04522620E+00
+17.27500E-03,-9.04522620E+00
+17.30000E-03,-8.94472369E+00
+17.32500E-03,-8.91331665E+00
+17.35000E-03,-8.84422117E+00
+17.37500E-03,-8.84422117E+00
+17.40000E-03,-8.83793977E+00
+17.42500E-03,-8.74371866E+00
+17.45000E-03,-8.68718600E+00
+17.47500E-03,-8.74371866E+00
+17.50000E-03,-8.64321615E+00
+17.52500E-03,-8.61180911E+00
+17.55000E-03,-8.54271363E+00
+17.57500E-03,-8.46105534E+00
+17.60000E-03,-8.44221112E+00
+17.62500E-03,-8.44221112E+00
+17.65000E-03,-8.44221112E+00
+17.67500E-03,-8.34170861E+00
+17.70000E-03,-8.34170861E+00
+17.72500E-03,-8.34170861E+00
+17.75000E-03,-8.24120609E+00
+17.77500E-03,-8.24120609E+00
+17.80000E-03,-8.14070358E+00
+17.82500E-03,-8.14070358E+00
+17.85000E-03,-8.09045232E+00
+17.87500E-03,-8.04020107E+00
+17.90000E-03,-7.93969855E+00
+17.92500E-03,-7.83919604E+00
+17.95000E-03,-7.73869353E+00
+17.97500E-03,-7.63819101E+00
+18.00000E-03,-7.53768850E+00
+18.02500E-03,-7.50628147E+00
+18.05000E-03,-7.33668347E+00
+18.07500E-03,-7.33668347E+00
+18.10000E-03,-7.22989955E+00
+18.12500E-03,-7.13567845E+00
+18.15000E-03,-7.03517593E+00
+18.17500E-03,-6.93467342E+00
+18.20000E-03,-6.93467342E+00
+18.22500E-03,-6.83417091E+00
+18.25000E-03,-6.73366839E+00
+18.27500E-03,-6.63316588E+00
+18.30000E-03,-6.53266337E+00
+18.32500E-03,-6.43216085E+00
+18.35000E-03,-6.37562819E+00
+18.37500E-03,-6.33165834E+00
+18.40000E-03,-6.23115583E+00
+18.42500E-03,-6.23115583E+00
+18.45000E-03,-6.13065331E+00
+18.47500E-03,-6.03015080E+00
+18.50000E-03,-5.92964829E+00
+18.52500E-03,-5.82914577E+00
+18.55000E-03,-5.72864326E+00
+18.57500E-03,-5.62814075E+00
+18.60000E-03,-5.52763823E+00
+18.62500E-03,-5.49623120E+00
+18.65000E-03,-5.32663321E+00
+18.67500E-03,-5.22613069E+00
+18.70000E-03,-5.12562818E+00
+18.72500E-03,-5.02512567E+00
+18.75000E-03,-4.86809049E+00
+18.77500E-03,-4.72361813E+00
+18.80000E-03,-4.62311561E+00
+18.82500E-03,-4.52261310E+00
+18.85000E-03,-4.42211059E+00
+18.87500E-03,-4.32160807E+00
+18.90000E-03,-4.22110556E+00
+18.92500E-03,-4.12060305E+00
+18.95000E-03,-4.07035179E+00
+18.97500E-03,-3.93844224E+00
+19.00000E-03,-3.91331661E+00
+19.02500E-03,-3.71859299E+00
+19.05000E-03,-3.66206033E+00
+19.07500E-03,-3.61809048E+00
+19.10000E-03,-3.51758797E+00
+19.12500E-03,-3.41708545E+00
+19.15000E-03,-3.31658294E+00
+19.17500E-03,-3.13442214E+00
+19.20000E-03,-3.11557791E+00
+19.22500E-03,-3.01507540E+00
+19.25000E-03,-2.91457289E+00
+19.27500E-03,-2.81407037E+00
+19.30000E-03,-2.71356786E+00
+19.32500E-03,-2.63819098E+00
+19.35000E-03,-2.61306535E+00
+19.37500E-03,-2.51256283E+00
+19.40000E-03,-2.41206032E+00
+19.42500E-03,-2.31155781E+00
+19.45000E-03,-2.21105529E+00
+19.47500E-03,-2.11055278E+00
+19.50000E-03,-2.10427137E+00
+19.52500E-03,-2.01005027E+00
+19.55000E-03,-1.90954775E+00
+19.57500E-03,-1.80904524E+00
+19.60000E-03,-1.80904524E+00
+19.62500E-03,-1.70854273E+00
+19.65000E-03,-1.65201006E+00
+19.67500E-03,-1.52638192E+00
+19.70000E-03,-1.50753770E+00
+19.72500E-03,-1.40703519E+00
+19.75000E-03,-1.35678393E+00
+19.77500E-03,-1.30653267E+00
+19.80000E-03,-1.20603016E+00
+19.82500E-03,-1.10552765E+00
+19.85000E-03,-1.10552765E+00
+19.87500E-03,-1.02386935E+00
+19.90000E-03,-904.52262E-03
+19.92500E-03,-904.52262E-03
+19.95000E-03,-804.02011E-03
+19.97500E-03,-703.51759E-03
+20.00000E-03,-703.51759E-03
+20.02500E-03,-603.01508E-03
+20.05000E-03,-552.76382E-03
+20.07500E-03,-402.01005E-03
+20.10000E-03,-402.01005E-03
+20.12500E-03,-301.50754E-03
+20.15000E-03,-201.00503E-03
+20.17500E-03,-100.50251E-03
+20.20000E-03,-100.50251E-03
+20.22500E-03,+0.0E+00
+20.25000E-03,+100.50251E-03
+20.27500E-03,+201.00503E-03
+20.30000E-03,+295.22613E-03
+20.32500E-03,+326.63317E-03
+20.35000E-03,+402.01005E-03
+20.37500E-03,+502.51257E-03
+20.40000E-03,+603.01508E-03
+20.42500E-03,+703.51759E-03
+20.45000E-03,+703.51759E-03
+20.47500E-03,+879.39699E-03
+20.50000E-03,+904.52262E-03
+20.52500E-03,+1.00502513E+00
+20.55000E-03,+1.10552765E+00
+20.57500E-03,+1.20603016E+00
+20.60000E-03,+1.30653267E+00
+20.62500E-03,+1.40703519E+00
+20.65000E-03,+1.45728644E+00
+20.67500E-03,+1.50753770E+00
+20.70000E-03,+1.60804021E+00
+20.72500E-03,+1.70854273E+00
+20.75000E-03,+1.80904524E+00
+20.77500E-03,+1.80904524E+00
+20.80000E-03,+2.00376886E+00
+20.82500E-03,+2.01005027E+00
+20.85000E-03,+2.11055278E+00
+20.87500E-03,+2.21105529E+00
+20.90000E-03,+2.31155781E+00
+20.92500E-03,+2.41206032E+00
+20.95000E-03,+2.51256283E+00
+20.97500E-03,+2.61306535E+00
+21.00000E-03,+2.71356786E+00
+21.02500E-03,+2.81407037E+00
+21.05000E-03,+2.91457289E+00
+21.07500E-03,+3.01507540E+00
+21.10000E-03,+3.01507540E+00
+21.12500E-03,+3.18467339E+00
+21.15000E-03,+3.31658294E+00
+21.17500E-03,+3.41708545E+00
+21.20000E-03,+3.51758797E+00
+21.22500E-03,+3.61809048E+00
+21.25000E-03,+3.71859299E+00
+21.27500E-03,+3.79396988E+00
+21.30000E-03,+3.91959802E+00
+21.32500E-03,+3.91959802E+00
+21.35000E-03,+4.02010053E+00
+21.37500E-03,+4.12060305E+00
+21.40000E-03,+4.22110556E+00
+21.42500E-03,+4.24623119E+00
+21.45000E-03,+4.32160807E+00
+21.47500E-03,+4.42211059E+00
+21.50000E-03,+4.42211059E+00
+21.52500E-03,+4.52261310E+00
+21.55000E-03,+4.62311561E+00
+21.57500E-03,+4.62311561E+00
+21.60000E-03,+4.72361813E+00
+21.62500E-03,+4.74874376E+00
+21.65000E-03,+4.82412064E+00
+21.67500E-03,+4.92462315E+00
+21.70000E-03,+5.02512567E+00
+21.72500E-03,+5.02512567E+00
+21.75000E-03,+5.12562818E+00
+21.77500E-03,+5.22613069E+00
+21.80000E-03,+5.32035180E+00
+21.82500E-03,+5.35175884E+00
+21.85000E-03,+5.42713572E+00
+21.87500E-03,+5.52763823E+00
+21.90000E-03,+5.62185934E+00
+21.92500E-03,+5.62814075E+00
+21.95000E-03,+5.72864326E+00
+21.97500E-03,+5.82914577E+00
+22.00000E-03,+5.82914577E+00
+22.02500E-03,+5.92964829E+00
+22.05000E-03,+5.97989954E+00
+22.07500E-03,+6.03015080E+00
+22.10000E-03,+6.12437191E+00
+22.12500E-03,+6.13065331E+00
+22.15000E-03,+6.23115583E+00
+22.17500E-03,+6.23115583E+00
+22.20000E-03,+6.32537693E+00
+22.22500E-03,+6.33165834E+00
+22.25000E-03,+6.43216085E+00
+22.27500E-03,+6.43216085E+00
+22.30000E-03,+6.52638196E+00
+22.32500E-03,+6.53266337E+00
+22.35000E-03,+6.63316588E+00
+22.37500E-03,+6.63316588E+00
+22.40000E-03,+6.73366839E+00
+22.42500E-03,+6.83417091E+00
+22.45000E-03,+6.93467342E+00
+22.47500E-03,+6.93467342E+00
+22.50000E-03,+7.03517593E+00
+22.52500E-03,+7.13567845E+00
+22.55000E-03,+7.18592970E+00
+22.57500E-03,+7.23618096E+00
+22.60000E-03,+7.33668347E+00
+22.62500E-03,+7.40577895E+00
+22.65000E-03,+7.43718599E+00
+22.67500E-03,+7.53768850E+00
+22.70000E-03,+7.53768850E+00
+22.72500E-03,+7.70728649E+00
+22.75000E-03,+7.73869353E+00
+22.77500E-03,+7.83919604E+00
+22.80000E-03,+7.83919604E+00
+22.82500E-03,+7.93969855E+00
+22.85000E-03,+7.98366840E+00
+22.87500E-03,+8.04020107E+00
+22.90000E-03,+8.23492469E+00
+22.92500E-03,+8.20979906E+00
+22.95000E-03,+8.24120609E+00
+22.97500E-03,+8.34170861E+00
+23.00000E-03,+8.44221112E+00
+23.02500E-03,+8.44221112E+00
+23.05000E-03,+8.54271363E+00
+23.07500E-03,+8.54271363E+00
+23.10000E-03,+8.64321615E+00
+23.12500E-03,+8.74371866E+00
+23.15000E-03,+8.78768851E+00
+23.17500E-03,+8.81909555E+00
+23.20000E-03,+8.93844228E+00
+23.22500E-03,+8.94472369E+00
+23.25000E-03,+9.04522620E+00
+23.27500E-03,+9.04522620E+00
+23.30000E-03,+9.14572871E+00
+23.32500E-03,+9.14572871E+00
+23.35000E-03,+9.24623123E+00
+23.37500E-03,+9.24623123E+00
+23.40000E-03,+9.34673374E+00
+23.42500E-03,+9.34673374E+00
+23.45000E-03,+9.44723625E+00
+23.47500E-03,+9.44723625E+00
+23.50000E-03,+9.44723625E+00
+23.52500E-03,+9.54773877E+00
+23.55000E-03,+9.64824128E+00
+23.57500E-03,+9.64824128E+00
+23.60000E-03,+9.74874379E+00
+23.62500E-03,+9.74874379E+00
+23.65000E-03,+9.79271364E+00
+23.67500E-03,+9.84924631E+00
+23.70000E-03,+9.84924631E+00
+23.72500E-03,+9.91834179E+00
+23.75000E-03,+10.00000008E+00
+23.77500E-03,+10.05025133E+00
+23.80000E-03,+10.05025133E+00
+23.82500E-03,+10.07537696E+00
+23.85000E-03,+10.15075385E+00
+23.87500E-03,+10.15075385E+00
+23.90000E-03,+10.24497495E+00
+23.92500E-03,+10.25125636E+00
+23.95000E-03,+10.35175887E+00
+23.97500E-03,+10.35175887E+00
+24.00000E-03,+10.35175887E+00
+24.02500E-03,+10.45226139E+00
+24.05000E-03,+10.45226139E+00
+24.07500E-03,+10.45226139E+00
+24.10000E-03,+10.55276390E+00
+24.12500E-03,+10.55276390E+00
+24.15000E-03,+10.59673375E+00
+24.17500E-03,+10.65326642E+00
+24.20000E-03,+10.74748752E+00
+24.22500E-03,+10.75376893E+00
+24.25000E-03,+10.75376893E+00
+24.27500E-03,+10.75376893E+00
+24.30000E-03,+10.75376893E+00
+24.32500E-03,+10.75376893E+00
+24.35000E-03,+10.80402019E+00
+24.37500E-03,+10.75376893E+00
+24.40000E-03,+10.85427144E+00
+24.42500E-03,+10.85427144E+00
+24.45000E-03,+10.85427144E+00
+24.47500E-03,+10.85427144E+00
+24.50000E-03,+10.85427144E+00
+24.52500E-03,+10.85427144E+00
+24.55000E-03,+10.85427144E+00
+24.57500E-03,+10.85427144E+00
+24.60000E-03,+10.85427144E+00
+24.62500E-03,+10.85427144E+00
+24.65000E-03,+10.85427144E+00
+24.67500E-03,+10.85427144E+00
+24.70000E-03,+10.85427144E+00
+24.72500E-03,+10.85427144E+00
+24.75000E-03,+10.85427144E+00
+24.77500E-03,+10.85427144E+00
+24.80000E-03,+10.85427144E+00
+24.82500E-03,+10.85427144E+00
+24.85000E-03,+10.85427144E+00
+24.87500E-03,+10.85427144E+00
+24.90000E-03,+10.85427144E+00
+24.92500E-03,+10.85427144E+00
+24.95000E-03,+10.85427144E+00
+24.97500E-03,+10.85427144E+00
