x-axis,1,2
second,Volt,Volt
-1.00000E-03,-40.20100E-03,+0.0E+00
-999.00E-06,-60.30151E-03,+37.68844E-03
-998.00E-06,-80.40201E-03,+201.00503E-03
-997.00E-06,-80.40201E-03,+402.01005E-03
-996.00E-06,-80.40201E-03,+402.01005E-03
-995.00E-06,-100.50251E-03,+439.69850E-03
-994.00E-06,-100.50251E-03,+603.01508E-03
-993.00E-06,-120.60301E-03,+804.02011E-03
-992.00E-06,-120.60301E-03,+804.02011E-03
-991.00E-06,-140.70352E-03,+804.02011E-03
-990.00E-06,-150.75377E-03,+1.00502513E+00
-989.00E-06,-160.80402E-03,+1.14321609E+00
-988.00E-06,-160.80402E-03,+1.20603016E+00
-987.00E-06,-160.80402E-03,+1.24371860E+00
-986.00E-06,-180.90452E-03,+1.30653267E+00
-985.00E-06,-201.00502E-03,+1.40703519E+00
-984.00E-06,-201.00502E-03,+1.60804021E+00
-983.00E-06,-221.10553E-03,+1.60804021E+00
-982.00E-06,-221.10553E-03,+1.80904524E+00
-981.00E-06,-221.10553E-03,+1.80904524E+00
-980.00E-06,-239.94975E-03,+1.80904524E+00
-979.00E-06,-241.20603E-03,+2.01005027E+00
-978.00E-06,-261.30653E-03,+2.11055278E+00
-977.00E-06,-261.30653E-03,+2.21105529E+00
-976.00E-06,-281.40703E-03,+2.21105529E+00
-975.00E-06,-281.40703E-03,+2.41206032E+00
-974.00E-06,-281.40703E-03,+2.41206032E+00
-973.00E-06,-301.50753E-03,+2.61306535E+00
-972.00E-06,-301.50753E-03,+2.61306535E+00
-971.00E-06,-305.27638E-03,+2.81407037E+00
-970.00E-06,-321.60804E-03,+2.81407037E+00
-969.00E-06,-341.70854E-03,+3.01507540E+00
-968.00E-06,-360.55276E-03,+3.01507540E+00
-967.00E-06,-356.78392E-03,+3.05276384E+00
-966.00E-06,-361.80904E-03,+3.21608043E+00
-965.00E-06,-381.90954E-03,+3.41708545E+00
-964.00E-06,-381.90954E-03,+3.41708545E+00
-963.00E-06,-381.90954E-03,+3.41708545E+00
-962.00E-06,-402.01005E-03,+3.61809048E+00
-961.00E-06,-422.11055E-03,+3.66834174E+00
-960.00E-06,-420.85427E-03,+3.81909551E+00
-959.00E-06,-437.18592E-03,+3.81909551E+00
-958.00E-06,-442.21105E-03,+4.02010053E+00
-957.00E-06,-462.31155E-03,+4.02010053E+00
-956.00E-06,-462.31155E-03,+4.20854275E+00
-955.00E-06,-462.31155E-03,+4.22110556E+00
-954.00E-06,-472.36180E-03,+4.30904526E+00
-953.00E-06,-496.23115E-03,+4.42211059E+00
-952.00E-06,-501.25628E-03,+4.42211059E+00
-951.00E-06,-502.51256E-03,+4.62311561E+00
-950.00E-06,-511.30653E-03,+4.62311561E+00
-949.00E-06,-522.61306E-03,+4.76130657E+00
-948.00E-06,-522.61306E-03,+5.02512567E+00
-947.00E-06,-526.38190E-03,+5.02512567E+00
-946.00E-06,-542.71356E-03,+5.02512567E+00
-945.00E-06,-562.81406E-03,+5.02512567E+00
-944.00E-06,-562.81406E-03,+5.02512567E+00
-943.00E-06,-562.81406E-03,+5.22613069E+00
-942.00E-06,-582.91457E-03,+5.42713572E+00
-941.00E-06,-582.91457E-03,+5.42713572E+00
-940.00E-06,-603.01507E-03,+5.62814075E+00
-939.00E-06,-603.01507E-03,+5.62814075E+00
-938.00E-06,-613.06532E-03,+5.71608045E+00
-937.00E-06,-623.11557E-03,+5.82914577E+00
-936.00E-06,-643.21607E-03,+5.82914577E+00
-935.00E-06,-643.21607E-03,+6.03015080E+00
-934.00E-06,-643.21607E-03,+6.03015080E+00
-933.00E-06,-663.31658E-03,+6.23115583E+00
-932.00E-06,-663.31658E-03,+6.23115583E+00
-931.00E-06,-683.41708E-03,+6.43216085E+00
-930.00E-06,-683.41708E-03,+6.43216085E+00
-929.00E-06,-688.44220E-03,+6.63316588E+00
-928.00E-06,-702.26130E-03,+6.63316588E+00
-927.00E-06,-723.61808E-03,+6.63316588E+00
-926.00E-06,-712.31155E-03,+6.72110558E+00
-925.00E-06,-723.61808E-03,+6.83417091E+00
-924.00E-06,-742.46230E-03,+7.02261312E+00
-923.00E-06,-743.71858E-03,+7.03517593E+00
-922.00E-06,-753.76884E-03,+7.03517593E+00
-921.00E-06,-757.53768E-03,+7.08542719E+00
-920.00E-06,-763.81909E-03,+7.23618096E+00
-919.00E-06,-783.91959E-03,+7.23618096E+00
-918.00E-06,-783.91959E-03,+7.43718599E+00
-917.00E-06,-804.02009E-03,+7.43718599E+00
-916.00E-06,-804.02009E-03,+7.43718599E+00
-915.00E-06,-804.02009E-03,+7.63819101E+00
-914.00E-06,-812.81406E-03,+7.73869353E+00
-913.00E-06,-824.12059E-03,+7.83919604E+00
-912.00E-06,-842.96482E-03,+7.83919604E+00
-911.00E-06,-844.22110E-03,+8.04020107E+00
-910.00E-06,-854.27135E-03,+8.04020107E+00
-909.00E-06,-858.04019E-03,+8.04020107E+00
-908.00E-06,-864.32160E-03,+8.24120609E+00
-907.00E-06,-864.32160E-03,+8.24120609E+00
-906.00E-06,-884.42210E-03,+8.34170861E+00
-905.00E-06,-884.42210E-03,+8.44221112E+00
-904.00E-06,-904.52260E-03,+8.63065333E+00
-903.00E-06,-904.52260E-03,+8.64321615E+00
-902.00E-06,-914.57285E-03,+8.64321615E+00
-901.00E-06,-918.34170E-03,+8.64321615E+00
-900.00E-06,-924.62311E-03,+8.84422117E+00
-899.00E-06,-924.62311E-03,+8.84422117E+00
-898.00E-06,-933.41708E-03,+9.04522620E+00
-897.00E-06,-944.72361E-03,+9.04522620E+00
-896.00E-06,-963.56783E-03,+9.04522620E+00
-895.00E-06,-948.49245E-03,+9.19597997E+00
-894.00E-06,-964.82411E-03,+9.24623123E+00
-893.00E-06,-979.89949E-03,+9.24623123E+00
-892.00E-06,-984.92461E-03,+9.44723625E+00
-891.00E-06,-984.92461E-03,+9.44723625E+00
-890.00E-06,-994.97486E-03,+9.44723625E+00
-889.00E-06,-1.00502511E+00,+9.59799002E+00
-888.00E-06,-1.02512562E+00,+9.64824128E+00
-887.00E-06,-1.02512562E+00,+9.78643224E+00
-886.00E-06,-1.01381908E+00,+9.84924631E+00
-885.00E-06,-1.04020099E+00,+9.84924631E+00
-884.00E-06,-1.02512562E+00,+9.84924631E+00
-883.00E-06,-1.04522612E+00,+9.89949756E+00
-882.00E-06,-1.05527637E+00,+10.05025133E+00
-881.00E-06,-1.04522612E+00,+10.05025133E+00
-880.00E-06,-1.06532662E+00,+10.25125636E+00
-879.00E-06,-1.08542712E+00,+10.25125636E+00
-878.00E-06,-1.08542712E+00,+10.45226139E+00
-877.00E-06,-1.08542712E+00,+10.40201013E+00
-876.00E-06,-1.08542712E+00,+10.45226139E+00
-875.00E-06,-1.10552763E+00,+10.65326642E+00
-874.00E-06,-1.10552763E+00,+10.65326642E+00
-873.00E-06,-1.10552763E+00,+10.65326642E+00
-872.00E-06,-1.12562813E+00,+10.84170863E+00
-871.00E-06,-1.12562813E+00,+10.85427144E+00
-870.00E-06,-1.12562813E+00,+10.85427144E+00
-869.00E-06,-1.14572863E+00,+10.85427144E+00
-868.00E-06,-1.14572863E+00,+11.05527647E+00
-867.00E-06,-1.14572863E+00,+11.05527647E+00
-866.00E-06,-1.15577888E+00,+11.14321617E+00
-865.00E-06,-1.16582913E+00,+11.09296491E+00
-864.00E-06,-1.16582913E+00,+11.25628150E+00
-863.00E-06,-1.17964823E+00,+11.25628150E+00
-862.00E-06,-1.17462310E+00,+11.35678401E+00
-861.00E-06,-1.18090451E+00,+11.45728652E+00
-860.00E-06,-1.18592964E+00,+11.64572873E+00
-859.00E-06,-1.19974873E+00,+11.65829155E+00
-858.00E-06,-1.20603014E+00,+11.65829155E+00
-857.00E-06,-1.20603014E+00,+11.65829155E+00
-856.00E-06,-1.22613064E+00,+11.65829155E+00
-855.00E-06,-1.21105526E+00,+11.79648250E+00
-854.00E-06,-1.22613064E+00,+11.75879406E+00
-853.00E-06,-1.22613064E+00,+11.85929658E+00
-852.00E-06,-1.24497486E+00,+12.04773879E+00
-851.00E-06,-1.24623114E+00,+12.06030160E+00
-850.00E-06,-1.23618089E+00,+12.06030160E+00
-849.00E-06,-1.24999999E+00,+12.06030160E+00
-848.00E-06,-1.24623114E+00,+12.24874381E+00
-847.00E-06,-1.26005024E+00,+12.19849256E+00
-846.00E-06,-1.26633164E+00,+12.26130663E+00
-845.00E-06,-1.27010049E+00,+12.26130663E+00
-844.00E-06,-1.28517587E+00,+12.26130663E+00
-843.00E-06,-1.28643215E+00,+12.46231166E+00
-842.00E-06,-1.28643215E+00,+12.46231166E+00
-841.00E-06,-1.28643215E+00,+12.46231166E+00
-840.00E-06,-1.28643215E+00,+12.46231166E+00
-839.00E-06,-1.30653265E+00,+12.66331668E+00
-838.00E-06,-1.30653265E+00,+12.66331668E+00
-837.00E-06,-1.30653265E+00,+12.70100512E+00
-836.00E-06,-1.32663315E+00,+12.66331668E+00
-835.00E-06,-1.31155777E+00,+12.86432171E+00
-834.00E-06,-1.32663315E+00,+12.86432171E+00
-833.00E-06,-1.32663315E+00,+12.86432171E+00
-832.00E-06,-1.32663315E+00,+13.06532674E+00
-831.00E-06,-1.32663315E+00,+13.06532674E+00
-830.00E-06,-1.34673365E+00,+13.06532674E+00
-829.00E-06,-1.34170853E+00,+13.06532674E+00
-828.00E-06,-1.34673365E+00,+13.06532674E+00
-827.00E-06,-1.35175878E+00,+13.11557799E+00
-826.00E-06,-1.35552762E+00,+13.26633176E+00
-825.00E-06,-1.36180903E+00,+13.30402020E+00
-824.00E-06,-1.36683416E+00,+13.26633176E+00
-823.00E-06,-1.36683416E+00,+13.26633176E+00
-822.00E-06,-1.37562813E+00,+13.46733679E+00
-821.00E-06,-1.38190953E+00,+13.46733679E+00
-820.00E-06,-1.38693466E+00,+13.46733679E+00
-819.00E-06,-1.38693466E+00,+13.46733679E+00
-818.00E-06,-1.39698491E+00,+13.46733679E+00
-817.00E-06,-1.40201004E+00,+13.66834182E+00
-816.00E-06,-1.40703516E+00,+13.65577900E+00
-815.00E-06,-1.39195978E+00,+13.66834182E+00
-814.00E-06,-1.40703516E+00,+13.66834182E+00
-813.00E-06,-1.40703516E+00,+13.66834182E+00
-812.00E-06,-1.40703516E+00,+13.66834182E+00
-811.00E-06,-1.42085426E+00,+13.71859307E+00
-810.00E-06,-1.41708541E+00,+13.86934684E+00
-809.00E-06,-1.42713566E+00,+13.86934684E+00
-808.00E-06,-1.42713566E+00,+13.86934684E+00
-807.00E-06,-1.42713566E+00,+13.86934684E+00
-806.00E-06,-1.42713566E+00,+13.86934684E+00
-805.00E-06,-1.42713566E+00,+14.07035187E+00
-804.00E-06,-1.44723617E+00,+14.07035187E+00
-803.00E-06,-1.44723617E+00,+13.91959810E+00
-802.00E-06,-1.44723617E+00,+14.07035187E+00
-801.00E-06,-1.44723617E+00,+14.07035187E+00
-800.00E-06,-1.44597988E+00,+14.07035187E+00
-799.00E-06,-1.44723617E+00,+14.12060313E+00
-798.00E-06,-1.46733667E+00,+14.07035187E+00
-797.00E-06,-1.44723617E+00,+14.07035187E+00
-796.00E-06,-1.46733667E+00,+14.07035187E+00
-795.00E-06,-1.46733667E+00,+14.20854282E+00
-794.00E-06,-1.46733667E+00,+14.07035187E+00
-793.00E-06,-1.46733667E+00,+14.10804031E+00
-792.00E-06,-1.46733667E+00,+14.07035187E+00
-791.00E-06,-1.46733667E+00,+14.20854282E+00
-790.00E-06,-1.47738692E+00,+14.15829157E+00
-789.00E-06,-1.47110551E+00,+14.07035187E+00
-788.00E-06,-1.46733667E+00,+14.07035187E+00
-787.00E-06,-1.48115576E+00,+14.07035187E+00
-786.00E-06,-1.48743717E+00,+14.15829157E+00
-785.00E-06,-1.48241204E+00,+14.27135690E+00
-784.00E-06,-1.48743717E+00,+14.07035187E+00
-783.00E-06,-1.48743717E+00,+14.07035187E+00
-782.00E-06,-1.48743717E+00,+14.15829157E+00
-781.00E-06,-1.48743717E+00,+14.07035187E+00
-780.00E-06,-1.48743717E+00,+14.07035187E+00
-779.00E-06,-1.48743717E+00,+14.07035187E+00
-778.00E-06,-1.48743717E+00,+14.07035187E+00
-777.00E-06,-1.48743717E+00,+14.10804031E+00
-776.00E-06,-1.48743717E+00,+14.07035187E+00
-775.00E-06,-1.48743717E+00,+14.07035187E+00
-774.00E-06,-1.48743717E+00,+14.17085438E+00
-773.00E-06,-1.49120601E+00,+14.22110564E+00
-772.00E-06,-1.50628139E+00,+14.07035187E+00
-771.00E-06,-1.50125627E+00,+14.12060313E+00
-770.00E-06,-1.49748742E+00,+14.07035187E+00
-769.00E-06,-1.50753767E+00,+14.22110564E+00
-768.00E-06,-1.50753767E+00,+14.07035187E+00
-767.00E-06,-1.50125627E+00,+14.07035187E+00
-766.00E-06,-1.49748742E+00,+14.07035187E+00
-765.00E-06,-1.50753767E+00,+14.22110564E+00
-764.00E-06,-1.48743717E+00,+14.25879408E+00
-763.00E-06,-1.50125627E+00,+14.27135690E+00
-762.00E-06,-1.50753767E+00,+14.15829157E+00
-761.00E-06,-1.50753767E+00,+14.07035187E+00
-760.00E-06,-1.50753767E+00,+14.07035187E+00
-759.00E-06,-1.50753767E+00,+14.20854282E+00
-758.00E-06,-1.50753767E+00,+14.07035187E+00
-757.00E-06,-1.52261305E+00,+14.07035187E+00
-756.00E-06,-1.50753767E+00,+14.07035187E+00
-755.00E-06,-1.50753767E+00,+14.07035187E+00
-754.00E-06,-1.49623114E+00,+14.07035187E+00
-753.00E-06,-1.50753767E+00,+14.10804031E+00
-752.00E-06,-1.50753767E+00,+14.07035187E+00
-751.00E-06,-1.52135677E+00,+14.07035187E+00
-750.00E-06,-1.50753767E+00,+14.07035187E+00
-749.00E-06,-1.50753767E+00,+14.10804031E+00
-748.00E-06,-1.52638189E+00,+14.07035187E+00
-747.00E-06,-1.52135677E+00,+14.12060313E+00
-746.00E-06,-1.50753767E+00,+14.17085438E+00
-745.00E-06,-1.50753767E+00,+14.07035187E+00
-744.00E-06,-1.50753767E+00,+14.27135690E+00
-743.00E-06,-1.50753767E+00,+14.07035187E+00
-742.00E-06,-1.50753767E+00,+14.15829157E+00
-741.00E-06,-1.50753767E+00,+14.22110564E+00
-740.00E-06,-1.50628139E+00,+14.07035187E+00
-739.00E-06,-1.50753767E+00,+14.07035187E+00
-738.00E-06,-1.50753767E+00,+14.15829157E+00
-737.00E-06,-1.49120601E+00,+14.07035187E+00
-736.00E-06,-1.50753767E+00,+14.07035187E+00
-735.00E-06,-1.50125627E+00,+14.07035187E+00
-734.00E-06,-1.49748742E+00,+14.07035187E+00
-733.00E-06,-1.50251255E+00,+14.22110564E+00
-732.00E-06,-1.48743717E+00,+14.07035187E+00
-731.00E-06,-1.50753767E+00,+14.07035187E+00
-730.00E-06,-1.48743717E+00,+14.07035187E+00
-729.00E-06,-1.48743717E+00,+14.07035187E+00
-728.00E-06,-1.48743717E+00,+14.25879408E+00
-727.00E-06,-1.48743717E+00,+14.20854282E+00
-726.00E-06,-1.48743717E+00,+14.07035187E+00
-725.00E-06,-1.48743717E+00,+14.07035187E+00
-724.00E-06,-1.48743717E+00,+14.07035187E+00
-723.00E-06,-1.47236179E+00,+14.20854282E+00
-722.00E-06,-1.48743717E+00,+14.15829157E+00
-721.00E-06,-1.48743717E+00,+14.10804031E+00
-720.00E-06,-1.46733667E+00,+14.07035187E+00
-719.00E-06,-1.47236179E+00,+14.07035187E+00
-718.00E-06,-1.46733667E+00,+14.15829157E+00
-717.00E-06,-1.46733667E+00,+14.22110564E+00
-716.00E-06,-1.48618089E+00,+14.25879408E+00
-715.00E-06,-1.46733667E+00,+14.07035187E+00
-714.00E-06,-1.46733667E+00,+14.15829157E+00
-713.00E-06,-1.46733667E+00,+14.07035187E+00
-712.00E-06,-1.44723617E+00,+14.27135690E+00
-711.00E-06,-1.44723617E+00,+14.07035187E+00
-710.00E-06,-1.45728642E+00,+14.17085438E+00
-709.00E-06,-1.44723617E+00,+14.10804031E+00
-708.00E-06,-1.44723617E+00,+14.25879408E+00
-707.00E-06,-1.44723617E+00,+14.20854282E+00
-706.00E-06,-1.43592963E+00,+14.07035187E+00
-705.00E-06,-1.44221104E+00,+14.07035187E+00
-704.00E-06,-1.44723617E+00,+14.07035187E+00
-703.00E-06,-1.44723617E+00,+14.20854282E+00
-702.00E-06,-1.42713566E+00,+14.07035187E+00
-701.00E-06,-1.44723617E+00,+14.22110564E+00
-700.00E-06,-1.42713566E+00,+14.25879408E+00
-699.00E-06,-1.42713566E+00,+14.07035187E+00
-698.00E-06,-1.42713566E+00,+14.17085438E+00
-697.00E-06,-1.42713566E+00,+14.10804031E+00
-696.00E-06,-1.40703516E+00,+14.07035187E+00
-695.00E-06,-1.40703516E+00,+14.07035187E+00
-694.00E-06,-1.40703516E+00,+14.07035187E+00
-693.00E-06,-1.39070350E+00,+14.07035187E+00
-692.00E-06,-1.40703516E+00,+14.07035187E+00
-691.00E-06,-1.38693466E+00,+14.12060313E+00
-690.00E-06,-1.38693466E+00,+14.17085438E+00
-689.00E-06,-1.38693466E+00,+14.07035187E+00
-688.00E-06,-1.38693466E+00,+14.07035187E+00
-687.00E-06,-1.38693466E+00,+13.86934684E+00
-686.00E-06,-1.37688441E+00,+13.66834182E+00
-685.00E-06,-1.36683416E+00,+13.61809056E+00
-684.00E-06,-1.36683416E+00,+13.46733679E+00
-683.00E-06,-1.36055275E+00,+13.46733679E+00
-682.00E-06,-1.35678391E+00,+13.46733679E+00
-681.00E-06,-1.35050250E+00,+13.46733679E+00
-680.00E-06,-1.34673365E+00,+13.26633176E+00
-679.00E-06,-1.33165828E+00,+13.26633176E+00
-678.00E-06,-1.33542712E+00,+13.26633176E+00
-677.00E-06,-1.34673365E+00,+13.26633176E+00
-676.00E-06,-1.34547737E+00,+13.06532674E+00
-675.00E-06,-1.32663315E+00,+13.11557799E+00
-674.00E-06,-1.32663315E+00,+13.06532674E+00
-673.00E-06,-1.32663315E+00,+13.06532674E+00
-672.00E-06,-1.32537687E+00,+12.86432171E+00
-671.00E-06,-1.32035174E+00,+13.00251266E+00
-670.00E-06,-1.30653265E+00,+12.76381920E+00
-669.00E-06,-1.32160803E+00,+12.86432171E+00
-668.00E-06,-1.28643215E+00,+12.86432171E+00
-667.00E-06,-1.28643215E+00,+12.66331668E+00
-666.00E-06,-1.29648240E+00,+12.66331668E+00
-665.00E-06,-1.28643215E+00,+12.66331668E+00
-664.00E-06,-1.26633164E+00,+12.46231166E+00
-663.00E-06,-1.26633164E+00,+12.46231166E+00
-662.00E-06,-1.26633164E+00,+12.46231166E+00
-661.00E-06,-1.26633164E+00,+12.46231166E+00
-660.00E-06,-1.26507536E+00,+12.26130663E+00
-659.00E-06,-1.24623114E+00,+12.26130663E+00
-658.00E-06,-1.24623114E+00,+12.26130663E+00
-657.00E-06,-1.24623114E+00,+12.26130663E+00
-656.00E-06,-1.24623114E+00,+12.24874381E+00
-655.00E-06,-1.22613064E+00,+12.06030160E+00
-654.00E-06,-1.22613064E+00,+12.06030160E+00
-653.00E-06,-1.22613064E+00,+12.06030160E+00
-652.00E-06,-1.22487436E+00,+12.06030160E+00
-651.00E-06,-1.20603014E+00,+11.99748753E+00
-650.00E-06,-1.20603014E+00,+11.85929658E+00
-649.00E-06,-1.18592964E+00,+11.85929658E+00
-648.00E-06,-1.18592964E+00,+11.65829155E+00
-647.00E-06,-1.18592964E+00,+11.65829155E+00
-646.00E-06,-1.18592964E+00,+11.65829155E+00
-645.00E-06,-1.16959798E+00,+11.65829155E+00
-644.00E-06,-1.16582913E+00,+11.65829155E+00
-643.00E-06,-1.16582913E+00,+11.50753778E+00
-642.00E-06,-1.16582913E+00,+11.45728652E+00
-641.00E-06,-1.16080401E+00,+11.45728652E+00
-640.00E-06,-1.14572863E+00,+11.25628150E+00
-639.00E-06,-1.14572863E+00,+11.25628150E+00
-638.00E-06,-1.12562813E+00,+11.05527647E+00
-637.00E-06,-1.12562813E+00,+11.05527647E+00
-636.00E-06,-1.12562813E+00,+11.05527647E+00
-635.00E-06,-1.10552763E+00,+10.85427144E+00
-634.00E-06,-1.10552763E+00,+10.94221114E+00
-633.00E-06,-1.10552763E+00,+10.85427144E+00
-632.00E-06,-1.10427134E+00,+10.84170863E+00
-631.00E-06,-1.08542712E+00,+10.79145737E+00
-630.00E-06,-1.08542712E+00,+10.65326642E+00
-629.00E-06,-1.08542712E+00,+10.60301516E+00
-628.00E-06,-1.06532662E+00,+10.45226139E+00
-627.00E-06,-1.06532662E+00,+10.45226139E+00
-626.00E-06,-1.05527637E+00,+10.25125636E+00
-625.00E-06,-1.04522612E+00,+10.25125636E+00
-624.00E-06,-1.04522612E+00,+10.25125636E+00
-623.00E-06,-1.03894471E+00,+10.25125636E+00
-622.00E-06,-1.02386934E+00,+10.13819103E+00
-621.00E-06,-1.02512562E+00,+10.05025133E+00
-620.00E-06,-1.02512562E+00,+9.84924631E+00
-619.00E-06,-1.01884421E+00,+9.84924631E+00
-618.00E-06,-994.97486E-03,+9.84924631E+00
-617.00E-06,-988.69346E-03,+9.64824128E+00
-616.00E-06,-983.66833E-03,+9.64824128E+00
-615.00E-06,-978.64321E-03,+9.64824128E+00
-614.00E-06,-973.61808E-03,+9.44723625E+00
-613.00E-06,-964.82411E-03,+9.44723625E+00
-612.00E-06,-944.72361E-03,+9.44723625E+00
-611.00E-06,-944.72361E-03,+9.24623123E+00
-610.00E-06,-954.77386E-03,+9.24623123E+00
-609.00E-06,-944.72361E-03,+9.19597997E+00
-608.00E-06,-924.62311E-03,+9.04522620E+00
-607.00E-06,-924.62311E-03,+9.04522620E+00
-606.00E-06,-904.52260E-03,+9.04522620E+00
-605.00E-06,-904.52260E-03,+9.04522620E+00
-604.00E-06,-884.42210E-03,+8.84422117E+00
-603.00E-06,-884.42210E-03,+8.69346740E+00
-602.00E-06,-884.42210E-03,+8.64321615E+00
-601.00E-06,-879.39698E-03,+8.47989956E+00
-600.00E-06,-864.32160E-03,+8.64321615E+00
-599.00E-06,-864.32160E-03,+8.58040208E+00
-598.00E-06,-844.22110E-03,+8.44221112E+00
-597.00E-06,-859.29647E-03,+8.24120609E+00
-596.00E-06,-844.22110E-03,+8.24120609E+00
-595.00E-06,-824.12059E-03,+8.09045232E+00
-594.00E-06,-824.12059E-03,+8.12814077E+00
-593.00E-06,-807.78894E-03,+7.98994981E+00
-592.00E-06,-804.02009E-03,+7.83919604E+00
-591.00E-06,-804.02009E-03,+7.83919604E+00
-590.00E-06,-783.91959E-03,+7.83919604E+00
-589.00E-06,-783.91959E-03,+7.63819101E+00
-588.00E-06,-763.81909E-03,+7.62562820E+00
-587.00E-06,-763.81909E-03,+7.43718599E+00
-586.00E-06,-752.51255E-03,+7.43718599E+00
-585.00E-06,-743.71858E-03,+7.27386940E+00
-584.00E-06,-743.71858E-03,+7.42462317E+00
-583.00E-06,-737.43718E-03,+7.23618096E+00
-582.00E-06,-723.61808E-03,+7.12311563E+00
-581.00E-06,-723.61808E-03,+7.03517593E+00
-580.00E-06,-703.51758E-03,+6.83417091E+00
-579.00E-06,-697.23617E-03,+6.83417091E+00
-578.00E-06,-683.41708E-03,+6.72110558E+00
-577.00E-06,-683.41708E-03,+6.67085432E+00
-576.00E-06,-683.41708E-03,+6.63316588E+00
-575.00E-06,-677.13567E-03,+6.63316588E+00
-574.00E-06,-652.01004E-03,+6.52010055E+00
-573.00E-06,-643.21607E-03,+6.43216085E+00
-572.00E-06,-643.21607E-03,+6.23115583E+00
-571.00E-06,-623.11557E-03,+6.08040206E+00
-570.00E-06,-623.11557E-03,+6.03015080E+00
-569.00E-06,-623.11557E-03,+6.03015080E+00
-568.00E-06,-603.01507E-03,+6.03015080E+00
-567.00E-06,-596.73366E-03,+5.82914577E+00
-566.00E-06,-582.91457E-03,+5.71608045E+00
-565.00E-06,-577.88944E-03,+5.62814075E+00
-564.00E-06,-562.81406E-03,+5.62814075E+00
-563.00E-06,-562.81406E-03,+5.42713572E+00
-562.00E-06,-552.76381E-03,+5.42713572E+00
-561.00E-06,-542.71356E-03,+5.42713572E+00
-560.00E-06,-541.45728E-03,+5.22613069E+00
-559.00E-06,-522.61306E-03,+5.02512567E+00
-558.00E-06,-522.61306E-03,+5.02512567E+00
-557.00E-06,-517.58793E-03,+5.02512567E+00
-556.00E-06,-502.51256E-03,+4.82412064E+00
-555.00E-06,-487.43718E-03,+4.76130657E+00
-554.00E-06,-492.46231E-03,+4.62311561E+00
-553.00E-06,-466.08040E-03,+4.62311561E+00
-552.00E-06,-462.31155E-03,+4.42211059E+00
-551.00E-06,-456.03015E-03,+4.42211059E+00
-550.00E-06,-452.26130E-03,+4.42211059E+00
-549.00E-06,-437.18592E-03,+4.22110556E+00
-548.00E-06,-422.11055E-03,+4.20854275E+00
-547.00E-06,-415.82914E-03,+4.02010053E+00
-546.00E-06,-402.01005E-03,+4.02010053E+00
-545.00E-06,-402.01005E-03,+3.81909551E+00
-544.00E-06,-381.90954E-03,+3.81909551E+00
-543.00E-06,-381.90954E-03,+3.61809048E+00
-542.00E-06,-370.60301E-03,+3.61809048E+00
-541.00E-06,-361.80904E-03,+3.56783922E+00
-540.00E-06,-341.70854E-03,+3.60552767E+00
-539.00E-06,-341.70854E-03,+3.26633168E+00
-538.00E-06,-341.70854E-03,+3.21608043E+00
-537.00E-06,-341.70854E-03,+3.05276384E+00
-536.00E-06,-321.60804E-03,+3.01507540E+00
-535.00E-06,-315.32663E-03,+3.01507540E+00
-534.00E-06,-301.50753E-03,+2.81407037E+00
-533.00E-06,-281.40703E-03,+2.81407037E+00
-532.00E-06,-281.40703E-03,+2.61306535E+00
-531.00E-06,-281.40703E-03,+2.55025128E+00
-530.00E-06,-261.30653E-03,+2.50000002E+00
-529.00E-06,-261.30653E-03,+2.41206032E+00
-528.00E-06,-241.20603E-03,+2.41206032E+00
-527.00E-06,-241.20603E-03,+2.26130655E+00
-526.00E-06,-221.10553E-03,+2.01005027E+00
-525.00E-06,-216.08040E-03,+2.01005027E+00
-524.00E-06,-201.00502E-03,+2.01005027E+00
-523.00E-06,-194.72362E-03,+1.85929650E+00
-522.00E-06,-180.90452E-03,+1.80904524E+00
-521.00E-06,-180.90452E-03,+1.60804021E+00
-520.00E-06,-160.80402E-03,+1.60804021E+00
-519.00E-06,-160.80402E-03,+1.40703519E+00
-518.00E-06,-160.80402E-03,+1.30653267E+00
-517.00E-06,-140.70352E-03,+1.20603016E+00
-516.00E-06,-120.60301E-03,+1.19346735E+00
-515.00E-06,-125.62814E-03,+1.05527639E+00
-514.00E-06,-100.50251E-03,+1.00502513E+00
-513.00E-06,-115.57789E-03,+841.70855E-03
-512.00E-06,-80.40201E-03,+804.02011E-03
-511.00E-06,-80.40201E-03,+804.02011E-03
-510.00E-06,-69.09548E-03,+603.01508E-03
-509.00E-06,-60.30151E-03,+552.76382E-03
-508.00E-06,-60.30151E-03,+402.01005E-03
-507.00E-06,-40.20100E-03,+402.01005E-03
-506.00E-06,-40.20100E-03,+288.94473E-03
-505.00E-06,-23.86935E-03,+201.00503E-03
-504.00E-06,-20.10050E-03,+0.0E+00
-503.00E-06,+0.0E+00,+0.0E+00
-502.00E-06,+0.0E+00,-201.00503E-03
-501.00E-06,+3.76884E-03,-201.00503E-03
-500.00E-06,+20.10050E-03,-201.00503E-03
-499.00E-06,+40.20100E-03,-402.01005E-03
-498.00E-06,+28.89447E-03,-502.51257E-03
-497.00E-06,+40.20100E-03,-603.01508E-03
-496.00E-06,+60.30151E-03,-603.01508E-03
-495.00E-06,+60.30151E-03,-741.20604E-03
-494.00E-06,+80.40201E-03,-891.95981E-03
-493.00E-06,+80.40201E-03,-841.70855E-03
-492.00E-06,+80.40201E-03,-1.00502513E+00
-491.00E-06,+100.50251E-03,-1.05527639E+00
-490.00E-06,+110.55276E-03,-1.20603016E+00
-489.00E-06,+120.60301E-03,-1.24371860E+00
-488.00E-06,+140.70352E-03,-1.40703519E+00
-487.00E-06,+140.70352E-03,-1.54522614E+00
-486.00E-06,+140.70352E-03,-1.60804021E+00
-485.00E-06,+155.77889E-03,-1.60804021E+00
-484.00E-06,+179.64824E-03,-1.80904524E+00
-483.00E-06,+180.90452E-03,-1.85929650E+00
-482.00E-06,+180.90452E-03,-2.01005027E+00
-481.00E-06,+201.00502E-03,-2.01005027E+00
-480.00E-06,+201.00502E-03,-2.01005027E+00
-479.00E-06,+206.03015E-03,-2.21105529E+00
-478.00E-06,+221.10553E-03,-2.29899499E+00
-477.00E-06,+241.20603E-03,-2.41206032E+00
-476.00E-06,+241.20603E-03,-2.61306535E+00
-475.00E-06,+246.23115E-03,-2.61306535E+00
-474.00E-06,+261.30653E-03,-2.61306535E+00
-473.00E-06,+261.30653E-03,-2.81407037E+00
-472.00E-06,+281.40703E-03,-2.81407037E+00
-471.00E-06,+281.40703E-03,-3.01507540E+00
-470.00E-06,+291.45728E-03,-3.01507540E+00
-469.00E-06,+305.27638E-03,-3.21608043E+00
-468.00E-06,+321.60804E-03,-3.21608043E+00
-467.00E-06,+321.60804E-03,-3.41708545E+00
-466.00E-06,+331.65829E-03,-3.41708545E+00
-465.00E-06,+345.47738E-03,-3.45477390E+00
-464.00E-06,+360.55276E-03,-3.61809048E+00
-463.00E-06,+366.83417E-03,-3.75628144E+00
-462.00E-06,+381.90954E-03,-3.71859299E+00
-461.00E-06,+365.57789E-03,-3.85678395E+00
-460.00E-06,+381.90954E-03,-3.81909551E+00
-459.00E-06,+402.01005E-03,-4.02010053E+00
-458.00E-06,+402.01005E-03,-4.22110556E+00
-457.00E-06,+422.11055E-03,-4.25879400E+00
-456.00E-06,+422.11055E-03,-4.22110556E+00
-455.00E-06,+427.13567E-03,-4.42211059E+00
-454.00E-06,+442.21105E-03,-4.51005029E+00
-453.00E-06,+457.28643E-03,-4.62311561E+00
-452.00E-06,+462.31155E-03,-4.62311561E+00
-451.00E-06,+462.31155E-03,-4.82412064E+00
-450.00E-06,+482.41206E-03,-4.91206034E+00
-449.00E-06,+486.18090E-03,-5.02512567E+00
-448.00E-06,+501.25628E-03,-5.02512567E+00
-447.00E-06,+502.51256E-03,-5.22613069E+00
-446.00E-06,+511.30653E-03,-5.22613069E+00
-445.00E-06,+522.61306E-03,-5.37688446E+00
-444.00E-06,+522.61306E-03,-5.42713572E+00
-443.00E-06,+542.71356E-03,-5.47738698E+00
-442.00E-06,+551.50753E-03,-5.62814075E+00
-441.00E-06,+562.81406E-03,-5.62814075E+00
-440.00E-06,+562.81406E-03,-5.81658296E+00
-439.00E-06,+582.91457E-03,-5.82914577E+00
-438.00E-06,+582.91457E-03,-6.03015080E+00
-437.00E-06,+603.01507E-03,-6.03015080E+00
-436.00E-06,+603.01507E-03,-6.03015080E+00
-435.00E-06,+608.04019E-03,-6.16834176E+00
-434.00E-06,+623.11557E-03,-6.23115583E+00
-433.00E-06,+623.11557E-03,-6.43216085E+00
-432.00E-06,+643.21607E-03,-6.43216085E+00
-431.00E-06,+643.21607E-03,-6.48241211E+00
-430.00E-06,+643.21607E-03,-6.73366839E+00
-429.00E-06,+663.31658E-03,-6.63316588E+00
-428.00E-06,+663.31658E-03,-6.83417091E+00
-427.00E-06,+683.41708E-03,-6.97236186E+00
-426.00E-06,+683.41708E-03,-7.03517593E+00
-425.00E-06,+687.18592E-03,-7.03517593E+00
-424.00E-06,+703.51758E-03,-7.23618096E+00
-423.00E-06,+723.61808E-03,-7.23618096E+00
-422.00E-06,+723.61808E-03,-7.23618096E+00
-421.00E-06,+723.61808E-03,-7.43718599E+00
-420.00E-06,+723.61808E-03,-7.43718599E+00
-419.00E-06,+743.71858E-03,-7.57537694E+00
-418.00E-06,+743.71858E-03,-7.63819101E+00
-417.00E-06,+758.79396E-03,-7.67587946E+00
-416.00E-06,+763.81909E-03,-7.83919604E+00
-415.00E-06,+783.91959E-03,-7.83919604E+00
-414.00E-06,+793.96984E-03,-7.93969855E+00
-413.00E-06,+804.02009E-03,-8.04020107E+00
-412.00E-06,+802.76381E-03,-8.24120609E+00
-411.00E-06,+804.02009E-03,-8.24120609E+00
-410.00E-06,+824.12059E-03,-8.24120609E+00
-409.00E-06,+824.12059E-03,-8.27889454E+00
-408.00E-06,+824.12059E-03,-8.44221112E+00
-407.00E-06,+829.14572E-03,-8.49246238E+00
-406.00E-06,+853.01507E-03,-8.64321615E+00
-405.00E-06,+847.98994E-03,-8.64321615E+00
-404.00E-06,+864.32160E-03,-8.83165836E+00
-403.00E-06,+864.32160E-03,-8.84422117E+00
-402.00E-06,+864.32160E-03,-8.84422117E+00
-401.00E-06,+868.09044E-03,-8.88190962E+00
-400.00E-06,+884.42210E-03,-9.23366841E+00
-399.00E-06,+889.44723E-03,-9.04522620E+00
-398.00E-06,+904.52260E-03,-9.13316590E+00
-397.00E-06,+904.52260E-03,-9.24623123E+00
-396.00E-06,+923.36682E-03,-9.24623123E+00
-395.00E-06,+924.62311E-03,-9.44723625E+00
-394.00E-06,+944.72361E-03,-9.44723625E+00
-393.00E-06,+944.72361E-03,-9.64824128E+00
-392.00E-06,+944.72361E-03,-9.64824128E+00
-391.00E-06,+944.72361E-03,-9.64824128E+00
-390.00E-06,+964.82411E-03,-9.73618098E+00
-389.00E-06,+964.82411E-03,-9.84924631E+00
-388.00E-06,+983.66833E-03,-9.84924631E+00
-387.00E-06,+984.92461E-03,-10.05025133E+00
-386.00E-06,+984.92461E-03,-10.05025133E+00
-385.00E-06,+999.99999E-03,-10.25125636E+00
-384.00E-06,+984.92461E-03,-10.25125636E+00
-383.00E-06,+1.01884421E+00,-10.25125636E+00
-382.00E-06,+1.01507537E+00,-10.25125636E+00
-381.00E-06,+1.02512562E+00,-10.45226139E+00
-380.00E-06,+1.04396984E+00,-10.45226139E+00
-379.00E-06,+1.04522612E+00,-10.59045234E+00
-378.00E-06,+1.04522612E+00,-10.65326642E+00
-377.00E-06,+1.04522612E+00,-10.80402019E+00
-376.00E-06,+1.04522612E+00,-10.65326642E+00
-375.00E-06,+1.06532662E+00,-10.79145737E+00
-374.00E-06,+1.06532662E+00,-10.85427144E+00
-373.00E-06,+1.06532662E+00,-10.85427144E+00
-372.00E-06,+1.08542712E+00,-11.05527647E+00
-371.00E-06,+1.08542712E+00,-11.05527647E+00
-370.00E-06,+1.09422109E+00,-11.05527647E+00
-369.00E-06,+1.08919597E+00,-11.25628150E+00
-368.00E-06,+1.10552763E+00,-11.25628150E+00
-367.00E-06,+1.10552763E+00,-11.25628150E+00
-366.00E-06,+1.12562813E+00,-11.34422119E+00
-365.00E-06,+1.12562813E+00,-11.45728652E+00
-364.00E-06,+1.12562813E+00,-11.45728652E+00
-363.00E-06,+1.14572863E+00,-11.50753778E+00
-362.00E-06,+1.14572863E+00,-11.55778904E+00
-361.00E-06,+1.14572863E+00,-11.65829155E+00
-360.00E-06,+1.14572863E+00,-11.84673376E+00
-359.00E-06,+1.16582913E+00,-11.79648250E+00
-358.00E-06,+1.16582913E+00,-11.85929658E+00
-357.00E-06,+1.16959798E+00,-11.85929658E+00
-356.00E-06,+1.16582913E+00,-12.06030160E+00
-355.00E-06,+1.18592964E+00,-12.06030160E+00
-354.00E-06,+1.18592964E+00,-12.06030160E+00
-353.00E-06,+1.18592964E+00,-12.21105537E+00
-352.00E-06,+1.20477386E+00,-12.06030160E+00
-351.00E-06,+1.21105526E+00,-12.26130663E+00
-350.00E-06,+1.21608039E+00,-12.26130663E+00
-349.00E-06,+1.22110551E+00,-12.41206040E+00
-348.00E-06,+1.22613064E+00,-12.26130663E+00
-347.00E-06,+1.22613064E+00,-12.46231166E+00
-346.00E-06,+1.22613064E+00,-12.46231166E+00
-345.00E-06,+1.22989948E+00,-12.50000010E+00
-344.00E-06,+1.24623114E+00,-12.46231166E+00
-343.00E-06,+1.24623114E+00,-12.66331668E+00
-342.00E-06,+1.24623114E+00,-12.66331668E+00
-341.00E-06,+1.24999999E+00,-12.86432171E+00
-340.00E-06,+1.26633164E+00,-12.86432171E+00
-339.00E-06,+1.26633164E+00,-12.86432171E+00
-338.00E-06,+1.26633164E+00,-12.86432171E+00
-337.00E-06,+1.27010049E+00,-12.86432171E+00
-336.00E-06,+1.28643215E+00,-12.86432171E+00
-335.00E-06,+1.28643215E+00,-13.00251266E+00
-334.00E-06,+1.29522612E+00,-12.86432171E+00
-333.00E-06,+1.30150752E+00,-13.01507548E+00
-332.00E-06,+1.28643215E+00,-12.86432171E+00
-331.00E-06,+1.30653265E+00,-12.91457297E+00
-330.00E-06,+1.30653265E+00,-12.96482422E+00
-329.00E-06,+1.30653265E+00,-13.01507548E+00
-328.00E-06,+1.30653265E+00,-12.86432171E+00
-327.00E-06,+1.32663315E+00,-12.86432171E+00
-326.00E-06,+1.33668340E+00,-12.95226141E+00
-325.00E-06,+1.32663315E+00,-13.01507548E+00
-324.00E-06,+1.34547737E+00,-12.86432171E+00
-323.00E-06,+1.34045225E+00,-12.86432171E+00
-322.00E-06,+1.34673365E+00,-12.95226141E+00
-321.00E-06,+1.34170853E+00,-13.01507548E+00
-320.00E-06,+1.34673365E+00,-12.86432171E+00
-319.00E-06,+1.34673365E+00,-12.86432171E+00
-318.00E-06,+1.35552762E+00,-12.86432171E+00
-317.00E-06,+1.36180903E+00,-12.86432171E+00
-316.00E-06,+1.34673365E+00,-12.86432171E+00
-315.00E-06,+1.36683416E+00,-13.00251266E+00
-314.00E-06,+1.36683416E+00,-12.96482422E+00
-313.00E-06,+1.37060300E+00,-13.01507548E+00
-312.00E-06,+1.36683416E+00,-13.06532674E+00
-311.00E-06,+1.38065325E+00,-12.86432171E+00
-310.00E-06,+1.38693466E+00,-13.06532674E+00
-309.00E-06,+1.38693466E+00,-12.86432171E+00
-308.00E-06,+1.38693466E+00,-12.86432171E+00
-307.00E-06,+1.38693466E+00,-12.86432171E+00
-306.00E-06,+1.39698491E+00,-12.86432171E+00
-305.00E-06,+1.40201004E+00,-12.86432171E+00
-304.00E-06,+1.40703516E+00,-13.05276392E+00
-303.00E-06,+1.40703516E+00,-12.86432171E+00
-302.00E-06,+1.40703516E+00,-12.86432171E+00
-301.00E-06,+1.40703516E+00,-12.90201015E+00
-300.00E-06,+1.40703516E+00,-13.06532674E+00
-299.00E-06,+1.42085426E+00,-12.91457297E+00
-298.00E-06,+1.41582913E+00,-12.96482422E+00
-297.00E-06,+1.41080400E+00,-13.06532674E+00
-296.00E-06,+1.40703516E+00,-13.06532674E+00
-295.00E-06,+1.42713566E+00,-13.06532674E+00
-294.00E-06,+1.42713566E+00,-12.96482422E+00
-293.00E-06,+1.42713566E+00,-13.01507548E+00
-292.00E-06,+1.42713566E+00,-12.86432171E+00
-291.00E-06,+1.44095476E+00,-12.91457297E+00
-290.00E-06,+1.42713566E+00,-12.86432171E+00
-289.00E-06,+1.44723617E+00,-13.01507548E+00
-288.00E-06,+1.44723617E+00,-12.86432171E+00
-287.00E-06,+1.44095476E+00,-13.06532674E+00
-286.00E-06,+1.44723617E+00,-13.06532674E+00
-285.00E-06,+1.44723617E+00,-13.06532674E+00
-284.00E-06,+1.44723617E+00,-12.86432171E+00
-283.00E-06,+1.44723617E+00,-12.86432171E+00
-282.00E-06,+1.44723617E+00,-12.95226141E+00
-281.00E-06,+1.44723617E+00,-13.06532674E+00
-280.00E-06,+1.44723617E+00,-12.86432171E+00
-279.00E-06,+1.45226129E+00,-13.00251266E+00
-278.00E-06,+1.44723617E+00,-13.06532674E+00
-277.00E-06,+1.45100501E+00,-12.86432171E+00
-276.00E-06,+1.46733667E+00,-13.06532674E+00
-275.00E-06,+1.46105526E+00,-12.86432171E+00
-274.00E-06,+1.45603014E+00,-12.95226141E+00
-273.00E-06,+1.46231154E+00,-12.86432171E+00
-272.00E-06,+1.46733667E+00,-13.05276392E+00
-271.00E-06,+1.46733667E+00,-12.86432171E+00
-270.00E-06,+1.46733667E+00,-13.06532674E+00
-269.00E-06,+1.46733667E+00,-13.01507548E+00
-268.00E-06,+1.46733667E+00,-13.06532674E+00
-267.00E-06,+1.47236179E+00,-12.86432171E+00
-266.00E-06,+1.46733667E+00,-12.96482422E+00
-265.00E-06,+1.48241204E+00,-13.01507548E+00
-264.00E-06,+1.46733667E+00,-13.06532674E+00
-263.00E-06,+1.46733667E+00,-13.00251266E+00
-262.00E-06,+1.47613064E+00,-12.86432171E+00
-261.00E-06,+1.46733667E+00,-12.86432171E+00
-260.00E-06,+1.46733667E+00,-12.86432171E+00
-259.00E-06,+1.46733667E+00,-13.00251266E+00
-258.00E-06,+1.47738692E+00,-12.95226141E+00
-257.00E-06,+1.46733667E+00,-12.86432171E+00
-256.00E-06,+1.46733667E+00,-12.86432171E+00
-255.00E-06,+1.46733667E+00,-12.86432171E+00
-254.00E-06,+1.47613064E+00,-13.06532674E+00
-253.00E-06,+1.46733667E+00,-13.06532674E+00
-252.00E-06,+1.48618089E+00,-13.06532674E+00
-251.00E-06,+1.47236179E+00,-12.91457297E+00
-250.00E-06,+1.47738692E+00,-12.95226141E+00
-249.00E-06,+1.46231154E+00,-13.06532674E+00
-248.00E-06,+1.46733667E+00,-12.86432171E+00
-247.00E-06,+1.47236179E+00,-13.06532674E+00
-246.00E-06,+1.47738692E+00,-12.96482422E+00
-245.00E-06,+1.48241204E+00,-13.06532674E+00
-244.00E-06,+1.46733667E+00,-13.06532674E+00
-243.00E-06,+1.48115576E+00,-13.00251266E+00
-242.00E-06,+1.46733667E+00,-12.96482422E+00
-241.00E-06,+1.47110551E+00,-13.06532674E+00
-240.00E-06,+1.46733667E+00,-13.06532674E+00
-239.00E-06,+1.47236179E+00,-12.86432171E+00
-238.00E-06,+1.46733667E+00,-12.96482422E+00
-237.00E-06,+1.46733667E+00,-12.86432171E+00
-236.00E-06,+1.46733667E+00,-13.06532674E+00
-235.00E-06,+1.46733667E+00,-13.06532674E+00
-234.00E-06,+1.46733667E+00,-12.96482422E+00
-233.00E-06,+1.46231154E+00,-13.06532674E+00
-232.00E-06,+1.44723617E+00,-12.86432171E+00
-231.00E-06,+1.45226129E+00,-12.86432171E+00
-230.00E-06,+1.45603014E+00,-13.06532674E+00
-229.00E-06,+1.45100501E+00,-12.86432171E+00
-228.00E-06,+1.46733667E+00,-13.06532674E+00
-227.00E-06,+1.44723617E+00,-12.91457297E+00
-226.00E-06,+1.44723617E+00,-12.86432171E+00
-225.00E-06,+1.44723617E+00,-13.01507548E+00
-224.00E-06,+1.44723617E+00,-13.06532674E+00
-223.00E-06,+1.44723617E+00,-13.06532674E+00
-222.00E-06,+1.44723617E+00,-12.96482422E+00
-221.00E-06,+1.44723617E+00,-13.06532674E+00
-220.00E-06,+1.44723617E+00,-12.86432171E+00
-219.00E-06,+1.44723617E+00,-13.06532674E+00
-218.00E-06,+1.43718591E+00,-13.06532674E+00
-217.00E-06,+1.42713566E+00,-13.06532674E+00
-216.00E-06,+1.42713566E+00,-12.86432171E+00
-215.00E-06,+1.42713566E+00,-12.86432171E+00
-214.00E-06,+1.42713566E+00,-12.95226141E+00
-213.00E-06,+1.42713566E+00,-13.06532674E+00
-212.00E-06,+1.42587938E+00,-13.06532674E+00
-211.00E-06,+1.41206029E+00,-13.06532674E+00
-210.00E-06,+1.42713566E+00,-13.06532674E+00
-209.00E-06,+1.41080400E+00,-13.06532674E+00
-208.00E-06,+1.40703516E+00,-13.06532674E+00
-207.00E-06,+1.40703516E+00,-13.06532674E+00
-206.00E-06,+1.39698491E+00,-12.96482422E+00
-205.00E-06,+1.40703516E+00,-12.86432171E+00
-204.00E-06,+1.40577888E+00,-13.06532674E+00
-203.00E-06,+1.39195978E+00,-12.91457297E+00
-202.00E-06,+1.39698491E+00,-12.95226141E+00
-201.00E-06,+1.38693466E+00,-13.01507548E+00
-200.00E-06,+1.38693466E+00,-13.06532674E+00
-199.00E-06,+1.39195978E+00,-12.86432171E+00
-198.00E-06,+1.38693466E+00,-12.86432171E+00
-197.00E-06,+1.38693466E+00,-13.06532674E+00
-196.00E-06,+1.36683416E+00,-13.05276392E+00
-195.00E-06,+1.36683416E+00,-12.86432171E+00
-194.00E-06,+1.36683416E+00,-12.86432171E+00
-193.00E-06,+1.35050250E+00,-12.86432171E+00
-192.00E-06,+1.34673365E+00,-13.05276392E+00
-191.00E-06,+1.36683416E+00,-13.06532674E+00
-190.00E-06,+1.34673365E+00,-12.86432171E+00
-189.00E-06,+1.34673365E+00,-13.01507548E+00
-188.00E-06,+1.34673365E+00,-13.05276392E+00
-187.00E-06,+1.34673365E+00,-12.86432171E+00
-186.00E-06,+1.34673365E+00,-12.86432171E+00
-185.00E-06,+1.32663315E+00,-12.90201015E+00
-184.00E-06,+1.32663315E+00,-12.86432171E+00
-183.00E-06,+1.32663315E+00,-12.91457297E+00
-182.00E-06,+1.32663315E+00,-12.86432171E+00
-181.00E-06,+1.32663315E+00,-12.86432171E+00
-180.00E-06,+1.30653265E+00,-12.86432171E+00
-179.00E-06,+1.30653265E+00,-12.86432171E+00
-178.00E-06,+1.31532662E+00,-13.06532674E+00
-177.00E-06,+1.30653265E+00,-12.86432171E+00
-176.00E-06,+1.30653265E+00,-13.05276392E+00
-175.00E-06,+1.30653265E+00,-12.86432171E+00
-174.00E-06,+1.29648240E+00,-12.96482422E+00
-173.00E-06,+1.28643215E+00,-12.86432171E+00
-172.00E-06,+1.28643215E+00,-12.86432171E+00
-171.00E-06,+1.27135677E+00,-12.86432171E+00
-170.00E-06,+1.26633164E+00,-12.86432171E+00
-169.00E-06,+1.26633164E+00,-12.86432171E+00
-168.00E-06,+1.26633164E+00,-12.86432171E+00
-167.00E-06,+1.26633164E+00,-12.86432171E+00
-166.00E-06,+1.26633164E+00,-12.86432171E+00
-165.00E-06,+1.24623114E+00,-12.86432171E+00
-164.00E-06,+1.24623114E+00,-12.86432171E+00
-163.00E-06,+1.24623114E+00,-12.80150764E+00
-162.00E-06,+1.23618089E+00,-12.66331668E+00
-161.00E-06,+1.22613064E+00,-12.66331668E+00
-160.00E-06,+1.22613064E+00,-12.66331668E+00
-159.00E-06,+1.21105526E+00,-12.60050261E+00
-158.00E-06,+1.20603014E+00,-12.46231166E+00
-157.00E-06,+1.20603014E+00,-12.46231166E+00
-156.00E-06,+1.20603014E+00,-12.26130663E+00
-155.00E-06,+1.19095476E+00,-12.46231166E+00
-154.00E-06,+1.18592964E+00,-12.26130663E+00
-153.00E-06,+1.18592964E+00,-12.26130663E+00
-152.00E-06,+1.18592964E+00,-12.26130663E+00
-151.00E-06,+1.16582913E+00,-12.06030160E+00
-150.00E-06,+1.18592964E+00,-12.06030160E+00
-149.00E-06,+1.16582913E+00,-12.01005035E+00
-148.00E-06,+1.14572863E+00,-11.85929658E+00
-147.00E-06,+1.15075376E+00,-11.99748753E+00
-146.00E-06,+1.14572863E+00,-11.85929658E+00
-145.00E-06,+1.14572863E+00,-11.65829155E+00
-144.00E-06,+1.12562813E+00,-11.65829155E+00
-143.00E-06,+1.11055275E+00,-11.79648250E+00
-142.00E-06,+1.12562813E+00,-11.65829155E+00
-141.00E-06,+1.12060300E+00,-11.65829155E+00
-140.00E-06,+1.10552763E+00,-11.45728652E+00
-139.00E-06,+1.10552763E+00,-11.45728652E+00
-138.00E-06,+1.10552763E+00,-11.35678401E+00
-137.00E-06,+1.08542712E+00,-11.25628150E+00
-136.00E-06,+1.08542712E+00,-11.44472371E+00
-135.00E-06,+1.06532662E+00,-11.25628150E+00
-134.00E-06,+1.08542712E+00,-11.14321617E+00
-133.00E-06,+1.06532662E+00,-11.05527647E+00
-132.00E-06,+1.06532662E+00,-11.05527647E+00
-131.00E-06,+1.04522612E+00,-11.05527647E+00
-130.00E-06,+1.04522612E+00,-10.85427144E+00
-129.00E-06,+1.04522612E+00,-10.80402019E+00
-128.00E-06,+1.04396984E+00,-10.65326642E+00
-127.00E-06,+1.03894471E+00,-10.65326642E+00
-126.00E-06,+1.01381908E+00,-10.65326642E+00
-125.00E-06,+1.00502511E+00,-10.65326642E+00
-124.00E-06,+984.92461E-03,-10.45226139E+00
-123.00E-06,+1.00502511E+00,-10.45226139E+00
-122.00E-06,+1.00502511E+00,-10.35175887E+00
-121.00E-06,+988.69346E-03,-10.25125636E+00
-120.00E-06,+964.82411E-03,-10.25125636E+00
-119.00E-06,+969.84924E-03,-10.10050259E+00
-118.00E-06,+964.82411E-03,-10.05025133E+00
-117.00E-06,+948.49245E-03,-10.05025133E+00
-116.00E-06,+963.56783E-03,-9.84924631E+00
-115.00E-06,+944.72361E-03,-9.84924631E+00
-114.00E-06,+933.41708E-03,-9.84924631E+00
-113.00E-06,+928.39195E-03,-9.68592972E+00
-112.00E-06,+924.62311E-03,-9.64824128E+00
-111.00E-06,+924.62311E-03,-9.64824128E+00
-110.00E-06,+904.52260E-03,-9.44723625E+00
-109.00E-06,+904.52260E-03,-9.44723625E+00
-108.00E-06,+884.42210E-03,-9.43467344E+00
-107.00E-06,+884.42210E-03,-9.24623123E+00
-106.00E-06,+884.42210E-03,-9.24623123E+00
-105.00E-06,+864.32160E-03,-9.24623123E+00
-104.00E-06,+864.32160E-03,-9.04522620E+00
-103.00E-06,+864.32160E-03,-9.04522620E+00
-102.00E-06,+844.22110E-03,-8.93216087E+00
-101.00E-06,+844.22110E-03,-8.84422117E+00
-100.00E-06,+842.96482E-03,-8.64321615E+00
-99.00E-06,+829.14572E-03,-8.64321615E+00
-98.00E-06,+812.81406E-03,-8.64321615E+00
-97.00E-06,+787.68843E-03,-8.64321615E+00
-96.00E-06,+804.02009E-03,-8.44221112E+00
-95.00E-06,+797.73868E-03,-8.44221112E+00
-94.00E-06,+783.91959E-03,-8.24120609E+00
-93.00E-06,+783.91959E-03,-8.24120609E+00
-92.00E-06,+782.66331E-03,-8.04020107E+00
-91.00E-06,+763.81909E-03,-8.04020107E+00
-90.00E-06,+763.81909E-03,-7.93969855E+00
-89.00E-06,+743.71858E-03,-7.83919604E+00
-88.00E-06,+743.71858E-03,-7.83919604E+00
-87.00E-06,+723.61808E-03,-7.77638197E+00
-86.00E-06,+723.61808E-03,-7.63819101E+00
-85.00E-06,+707.28642E-03,-7.63819101E+00
-84.00E-06,+703.51758E-03,-7.62562820E+00
-83.00E-06,+703.51758E-03,-7.43718599E+00
-82.00E-06,+692.21105E-03,-7.23618096E+00
-81.00E-06,+683.41708E-03,-7.23618096E+00
-80.00E-06,+682.16080E-03,-7.22361815E+00
-79.00E-06,+663.31658E-03,-7.03517593E+00
-78.00E-06,+643.21607E-03,-6.92211061E+00
-77.00E-06,+643.21607E-03,-6.83417091E+00
-76.00E-06,+643.21607E-03,-6.83417091E+00
-75.00E-06,+623.11557E-03,-6.77135684E+00
-74.00E-06,+623.11557E-03,-6.63316588E+00
-73.00E-06,+623.11557E-03,-6.63316588E+00
-72.00E-06,+603.01507E-03,-6.43216085E+00
-71.00E-06,+603.01507E-03,-6.43216085E+00
-70.00E-06,+582.91457E-03,-6.23115583E+00
-69.00E-06,+582.91457E-03,-6.23115583E+00
-68.00E-06,+562.81406E-03,-6.03015080E+00
-67.00E-06,+562.81406E-03,-6.03015080E+00
-66.00E-06,+562.81406E-03,-6.03015080E+00
-65.00E-06,+557.78894E-03,-5.82914577E+00
-64.00E-06,+542.71356E-03,-5.82914577E+00
-63.00E-06,+522.61306E-03,-5.62814075E+00
-62.00E-06,+511.30653E-03,-5.62814075E+00
-61.00E-06,+502.51256E-03,-5.46482416E+00
-60.00E-06,+501.25628E-03,-5.42713572E+00
-59.00E-06,+482.41206E-03,-5.36432165E+00
-58.00E-06,+482.41206E-03,-5.22613069E+00
-57.00E-06,+482.41206E-03,-5.22613069E+00
-56.00E-06,+462.31155E-03,-5.02512567E+00
-55.00E-06,+442.21105E-03,-5.02512567E+00
-54.00E-06,+442.21105E-03,-5.02512567E+00
-53.00E-06,+442.21105E-03,-4.82412064E+00
-52.00E-06,+422.11055E-03,-4.81155783E+00
-51.00E-06,+422.11055E-03,-4.62311561E+00
-50.00E-06,+410.80402E-03,-4.62311561E+00
-49.00E-06,+402.01005E-03,-4.42211059E+00
-48.00E-06,+381.90954E-03,-4.42211059E+00
-47.00E-06,+402.01005E-03,-4.27135682E+00
-46.00E-06,+370.60301E-03,-4.22110556E+00
-45.00E-06,+361.80904E-03,-4.02010053E+00
-44.00E-06,+361.80904E-03,-4.02010053E+00
-43.00E-06,+341.70854E-03,-3.86934676E+00
-42.00E-06,+341.70854E-03,-3.70603018E+00
-41.00E-06,+341.70854E-03,-3.76884425E+00
-40.00E-06,+321.60804E-03,-3.61809048E+00
-39.00E-06,+321.60804E-03,-3.61809048E+00
-38.00E-06,+301.50753E-03,-3.41708545E+00
-37.00E-06,+285.17588E-03,-3.41708545E+00
-36.00E-06,+300.25125E-03,-3.21608043E+00
-35.00E-06,+281.40703E-03,-3.21608043E+00
-34.00E-06,+261.30653E-03,-3.01507540E+00
-33.00E-06,+261.30653E-03,-3.01507540E+00
-32.00E-06,+241.20603E-03,-2.81407037E+00
-31.00E-06,+241.20603E-03,-2.81407037E+00
-30.00E-06,+231.15578E-03,-2.70100505E+00
-29.00E-06,+221.10553E-03,-2.65075379E+00
-28.00E-06,+219.84924E-03,-2.61306535E+00
-27.00E-06,+201.00502E-03,-2.41206032E+00
-26.00E-06,+201.00502E-03,-2.41206032E+00
-25.00E-06,+180.90452E-03,-2.36180906E+00
-24.00E-06,+180.90452E-03,-2.21105529E+00
-23.00E-06,+160.80402E-03,-2.14824122E+00
-22.00E-06,+160.80402E-03,-2.01005027E+00
-21.00E-06,+140.70352E-03,-2.01005027E+00
-20.00E-06,+140.70352E-03,-1.80904524E+00
-19.00E-06,+120.60301E-03,-1.60804021E+00
-18.00E-06,+120.60301E-03,-1.60804021E+00
-17.00E-06,+100.50251E-03,-1.60804021E+00
-16.00E-06,+80.40201E-03,-1.40703519E+00
-15.00E-06,+85.42713E-03,-1.25628142E+00
-14.00E-06,+80.40201E-03,-1.20603016E+00
-13.00E-06,+60.30151E-03,-1.15577890E+00
-12.00E-06,+60.30151E-03,-1.00502513E+00
-11.00E-06,+45.22613E-03,-1.00502513E+00
-10.00E-06,+40.20100E-03,-804.02011E-03
-9.00E-06,+40.20100E-03,-804.02011E-03
-8.00E-06,+38.94472E-03,-791.45729E-03
-7.00E-06,+20.10050E-03,-603.01508E-03
-6.00E-06,+0.0E+00,-603.01508E-03
-5.00E-06,-15.07538E-03,-552.76382E-03
-4.00E-06,-20.10050E-03,-402.01005E-03
-3.00E-06,-20.10050E-03,-201.00503E-03
-2.00E-06,-30.15075E-03,-100.50251E-03
-1.00E-06,-40.20100E-03,-37.68844E-03
+0.0E+00,-60.30151E-03,+0.0E+00
+1.00E-06,-60.30151E-03,+201.00503E-03
+2.00E-06,-60.30151E-03,+301.50754E-03
+3.00E-06,-75.37688E-03,+402.01005E-03
+4.00E-06,-99.24623E-03,+402.01005E-03
+5.00E-06,-85.42713E-03,+540.20101E-03
+6.00E-06,-110.55276E-03,+603.01508E-03
+7.00E-06,-120.60301E-03,+804.02011E-03
+8.00E-06,-139.44723E-03,+804.02011E-03
+9.00E-06,-140.70352E-03,+804.02011E-03
+10.00E-06,-140.70352E-03,+1.00502513E+00
+11.00E-06,-160.80402E-03,+1.15577890E+00
+12.00E-06,-179.64824E-03,+1.20603016E+00
+13.00E-06,-165.82914E-03,+1.34422112E+00
+14.00E-06,-180.90452E-03,+1.40703519E+00
+15.00E-06,-195.97990E-03,+1.40703519E+00
+16.00E-06,-201.00502E-03,+1.60804021E+00
+17.00E-06,-214.82412E-03,+1.60804021E+00
+18.00E-06,-231.15578E-03,+1.80904524E+00
+19.00E-06,-221.10553E-03,+1.80904524E+00
+20.00E-06,-241.20603E-03,+2.01005027E+00
+21.00E-06,-255.02512E-03,+2.01005027E+00
+22.00E-06,-250.00000E-03,+2.21105529E+00
+23.00E-06,-261.30653E-03,+2.21105529E+00
+24.00E-06,-281.40703E-03,+2.21105529E+00
+25.00E-06,-281.40703E-03,+2.41206032E+00
+26.00E-06,-290.20100E-03,+2.51256283E+00
+27.00E-06,-301.50753E-03,+2.61306535E+00
+28.00E-06,-320.35176E-03,+2.61306535E+00
+29.00E-06,-321.60804E-03,+2.66331660E+00
+30.00E-06,-321.60804E-03,+2.81407037E+00
+31.00E-06,-341.70854E-03,+3.01507540E+00
+32.00E-06,-341.70854E-03,+3.01507540E+00
+33.00E-06,-361.80904E-03,+3.21608043E+00
+34.00E-06,-370.60301E-03,+3.21608043E+00
+35.00E-06,-381.90954E-03,+3.36683420E+00
+36.00E-06,-381.90954E-03,+3.41708545E+00
+37.00E-06,-402.01005E-03,+3.55527641E+00
+38.00E-06,-390.70351E-03,+3.61809048E+00
+39.00E-06,-402.01005E-03,+3.61809048E+00
+40.00E-06,-422.11055E-03,+3.81909551E+00
+41.00E-06,-427.13567E-03,+3.81909551E+00
+42.00E-06,-422.11055E-03,+4.02010053E+00
+43.00E-06,-442.21105E-03,+4.02010053E+00
+44.00E-06,-462.31155E-03,+4.02010053E+00
+45.00E-06,-476.13065E-03,+4.22110556E+00
+46.00E-06,-482.41206E-03,+4.30904526E+00
+47.00E-06,-497.48743E-03,+4.42211059E+00
+48.00E-06,-501.25628E-03,+4.61055280E+00
+49.00E-06,-502.51256E-03,+4.62311561E+00
+50.00E-06,-511.30653E-03,+4.62311561E+00
+51.00E-06,-522.61306E-03,+4.77386938E+00
+52.00E-06,-522.61306E-03,+4.82412064E+00
+53.00E-06,-542.71356E-03,+5.02512567E+00
+54.00E-06,-552.76381E-03,+5.02512567E+00
+55.00E-06,-546.48241E-03,+5.02512567E+00
+56.00E-06,-562.81406E-03,+5.22613069E+00
+57.00E-06,-576.63316E-03,+5.36432165E+00
+58.00E-06,-582.91457E-03,+5.42713572E+00
+59.00E-06,-586.68341E-03,+5.42713572E+00
+60.00E-06,-582.91457E-03,+5.62814075E+00
+61.00E-06,-603.01507E-03,+5.62814075E+00
+62.00E-06,-623.11557E-03,+5.72864326E+00
+63.00E-06,-623.11557E-03,+5.82914577E+00
+64.00E-06,-623.11557E-03,+5.82914577E+00
+65.00E-06,-643.21607E-03,+6.03015080E+00
+66.00E-06,-643.21607E-03,+6.03015080E+00
+67.00E-06,-643.21607E-03,+6.18090457E+00
+68.00E-06,-663.31658E-03,+6.23115583E+00
+69.00E-06,-668.34170E-03,+6.36934678E+00
+70.00E-06,-683.41708E-03,+6.43216085E+00
+71.00E-06,-683.41708E-03,+6.63316588E+00
+72.00E-06,-703.51758E-03,+6.63316588E+00
+73.00E-06,-723.61808E-03,+6.63316588E+00
+74.00E-06,-723.61808E-03,+6.73366839E+00
+75.00E-06,-727.38693E-03,+6.83417091E+00
+76.00E-06,-742.46230E-03,+6.83417091E+00
+77.00E-06,-743.71858E-03,+7.03517593E+00
+78.00E-06,-752.51255E-03,+7.03517593E+00
+79.00E-06,-763.81909E-03,+7.07286438E+00
+80.00E-06,-763.81909E-03,+7.23618096E+00
+81.00E-06,-763.81909E-03,+7.37437192E+00
+82.00E-06,-783.91959E-03,+7.43718599E+00
+83.00E-06,-783.91959E-03,+7.43718599E+00
+84.00E-06,-802.76381E-03,+7.43718599E+00
+85.00E-06,-804.02009E-03,+7.63819101E+00
+86.00E-06,-812.81406E-03,+7.72613071E+00
+87.00E-06,-824.12059E-03,+7.83919604E+00
+88.00E-06,-824.12059E-03,+7.83919604E+00
+89.00E-06,-844.22110E-03,+7.88944730E+00
+90.00E-06,-844.22110E-03,+8.04020107E+00
+91.00E-06,-844.22110E-03,+8.04020107E+00
+92.00E-06,-864.32160E-03,+8.24120609E+00
+93.00E-06,-869.34672E-03,+8.24120609E+00
+94.00E-06,-874.37185E-03,+8.34170861E+00
+95.00E-06,-868.09044E-03,+8.44221112E+00
+96.00E-06,-884.42210E-03,+8.44221112E+00
+97.00E-06,-904.52260E-03,+8.64321615E+00
+98.00E-06,-904.52260E-03,+8.64321615E+00
+99.00E-06,-919.59798E-03,+8.68090459E+00
+100.00E-06,-924.62311E-03,+8.84422117E+00
+101.00E-06,-924.62311E-03,+8.84422117E+00
+102.00E-06,-934.67336E-03,+8.94472369E+00
+103.00E-06,-944.72361E-03,+9.04522620E+00
+104.00E-06,-963.56783E-03,+9.04522620E+00
+105.00E-06,-964.82411E-03,+9.09547746E+00
+106.00E-06,-964.82411E-03,+9.24623123E+00
+107.00E-06,-964.82411E-03,+9.24623123E+00
+108.00E-06,-984.92461E-03,+9.44723625E+00
+109.00E-06,-984.92461E-03,+9.44723625E+00
+110.00E-06,-984.92461E-03,+9.44723625E+00
+111.00E-06,-1.00502511E+00,+9.64824128E+00
+112.00E-06,-1.00502511E+00,+9.64824128E+00
+113.00E-06,-1.01884421E+00,+9.78643224E+00
+114.00E-06,-1.02512562E+00,+9.74874379E+00
+115.00E-06,-1.02512562E+00,+9.84924631E+00
+116.00E-06,-1.02512562E+00,+9.84924631E+00
+117.00E-06,-1.03894471E+00,+10.05025133E+00
+118.00E-06,-1.04522612E+00,+10.05025133E+00
+119.00E-06,-1.06030150E+00,+10.08793978E+00
+120.00E-06,-1.06407034E+00,+10.25125636E+00
+121.00E-06,-1.07914572E+00,+10.38944732E+00
+122.00E-06,-1.08542712E+00,+10.25125636E+00
+123.00E-06,-1.08542712E+00,+10.45226139E+00
+124.00E-06,-1.08542712E+00,+10.45226139E+00
+125.00E-06,-1.09924622E+00,+10.45226139E+00
+126.00E-06,-1.10552763E+00,+10.65326642E+00
+127.00E-06,-1.10552763E+00,+10.65326642E+00
+128.00E-06,-1.12437185E+00,+10.84170863E+00
+129.00E-06,-1.11055275E+00,+10.85427144E+00
+130.00E-06,-1.12562813E+00,+10.85427144E+00
+131.00E-06,-1.14572863E+00,+10.85427144E+00
+132.00E-06,-1.14447235E+00,+11.05527647E+00
+133.00E-06,-1.14572863E+00,+11.05527647E+00
+134.00E-06,-1.15452260E+00,+11.15577898E+00
+135.00E-06,-1.16582913E+00,+11.25628150E+00
+136.00E-06,-1.16582913E+00,+11.25628150E+00
+137.00E-06,-1.16582913E+00,+11.45728652E+00
+138.00E-06,-1.17587938E+00,+11.45728652E+00
+139.00E-06,-1.18592964E+00,+11.29396994E+00
+140.00E-06,-1.18592964E+00,+11.45728652E+00
+141.00E-06,-1.20603014E+00,+11.65829155E+00
+142.00E-06,-1.19472361E+00,+11.65829155E+00
+143.00E-06,-1.20603014E+00,+11.65829155E+00
+144.00E-06,-1.20603014E+00,+11.65829155E+00
+145.00E-06,-1.20603014E+00,+11.79648250E+00
+146.00E-06,-1.22613064E+00,+11.85929658E+00
+147.00E-06,-1.22613064E+00,+11.85929658E+00
+148.00E-06,-1.24497486E+00,+11.85929658E+00
+149.00E-06,-1.24623114E+00,+12.06030160E+00
+150.00E-06,-1.23492461E+00,+12.06030160E+00
+151.00E-06,-1.24623114E+00,+12.21105537E+00
+152.00E-06,-1.26507536E+00,+12.26130663E+00
+153.00E-06,-1.26633164E+00,+12.26130663E+00
+154.00E-06,-1.26633164E+00,+12.26130663E+00
+155.00E-06,-1.26633164E+00,+12.29899507E+00
+156.00E-06,-1.28643215E+00,+12.26130663E+00
+157.00E-06,-1.27135677E+00,+12.46231166E+00
+158.00E-06,-1.27638190E+00,+12.34924633E+00
+159.00E-06,-1.28643215E+00,+12.46231166E+00
+160.00E-06,-1.30527637E+00,+12.65075387E+00
+161.00E-06,-1.30653265E+00,+12.66331668E+00
+162.00E-06,-1.29648240E+00,+12.76381920E+00
+163.00E-06,-1.30653265E+00,+12.66331668E+00
+164.00E-06,-1.30653265E+00,+12.66331668E+00
+165.00E-06,-1.32663315E+00,+12.71356794E+00
+166.00E-06,-1.32663315E+00,+12.86432171E+00
+167.00E-06,-1.32663315E+00,+13.01507548E+00
+168.00E-06,-1.34547737E+00,+12.86432171E+00
+169.00E-06,-1.34673365E+00,+12.91457297E+00
+170.00E-06,-1.34673365E+00,+13.06532674E+00
+171.00E-06,-1.34673365E+00,+13.06532674E+00
+172.00E-06,-1.34673365E+00,+13.06532674E+00
+173.00E-06,-1.36055275E+00,+13.06532674E+00
+174.00E-06,-1.35678391E+00,+13.16582925E+00
+175.00E-06,-1.36683416E+00,+13.10301518E+00
+176.00E-06,-1.36683416E+00,+13.26633176E+00
+177.00E-06,-1.36683416E+00,+13.40452272E+00
+178.00E-06,-1.36683416E+00,+13.26633176E+00
+179.00E-06,-1.37060300E+00,+13.46733679E+00
+180.00E-06,-1.38693466E+00,+13.46733679E+00
+181.00E-06,-1.38693466E+00,+13.60552774E+00
+182.00E-06,-1.38693466E+00,+13.55527649E+00
+183.00E-06,-1.38693466E+00,+13.50502523E+00
+184.00E-06,-1.38693466E+00,+13.46733679E+00
+185.00E-06,-1.40075375E+00,+13.66834182E+00
+186.00E-06,-1.40703516E+00,+13.66834182E+00
+187.00E-06,-1.39070350E+00,+13.66834182E+00
+188.00E-06,-1.42587938E+00,+13.66834182E+00
+189.00E-06,-1.42713566E+00,+13.86934684E+00
+190.00E-06,-1.42713566E+00,+13.86934684E+00
+191.00E-06,-1.41080400E+00,+13.86934684E+00
+192.00E-06,-1.42713566E+00,+13.86934684E+00
+193.00E-06,-1.42713566E+00,+13.86934684E+00
+194.00E-06,-1.42713566E+00,+13.86934684E+00
+195.00E-06,-1.42713566E+00,+14.07035187E+00
+196.00E-06,-1.44597988E+00,+14.07035187E+00
+197.00E-06,-1.44723617E+00,+14.07035187E+00
+198.00E-06,-1.44723617E+00,+13.95728654E+00
+199.00E-06,-1.43592963E+00,+14.07035187E+00
+200.00E-06,-1.44723617E+00,+14.07035187E+00
+201.00E-06,-1.44723617E+00,+14.07035187E+00
+202.00E-06,-1.45603014E+00,+14.07035187E+00
+203.00E-06,-1.46231154E+00,+14.10804031E+00
+204.00E-06,-1.46733667E+00,+14.27135690E+00
+205.00E-06,-1.46733667E+00,+14.07035187E+00
+206.00E-06,-1.46733667E+00,+14.15829157E+00
+207.00E-06,-1.46733667E+00,+14.10804031E+00
+208.00E-06,-1.46733667E+00,+14.07035187E+00
+209.00E-06,-1.46733667E+00,+14.07035187E+00
+210.00E-06,-1.46733667E+00,+14.27135690E+00
+211.00E-06,-1.48241204E+00,+14.07035187E+00
+212.00E-06,-1.48618089E+00,+14.07035187E+00
+213.00E-06,-1.48115576E+00,+14.07035187E+00
+214.00E-06,-1.48743717E+00,+14.15829157E+00
+215.00E-06,-1.48743717E+00,+14.27135690E+00
+216.00E-06,-1.48743717E+00,+14.07035187E+00
+217.00E-06,-1.48743717E+00,+14.07035187E+00
+218.00E-06,-1.48743717E+00,+14.15829157E+00
+219.00E-06,-1.48743717E+00,+14.10804031E+00
+220.00E-06,-1.48743717E+00,+14.07035187E+00
+221.00E-06,-1.48743717E+00,+14.07035187E+00
+222.00E-06,-1.49748742E+00,+14.15829157E+00
+223.00E-06,-1.49120601E+00,+14.07035187E+00
+224.00E-06,-1.48743717E+00,+14.07035187E+00
+225.00E-06,-1.50753767E+00,+14.07035187E+00
+226.00E-06,-1.50753767E+00,+14.07035187E+00
+227.00E-06,-1.50251255E+00,+14.07035187E+00
+228.00E-06,-1.50628139E+00,+14.25879408E+00
+229.00E-06,-1.50125627E+00,+14.07035187E+00
+230.00E-06,-1.50753767E+00,+14.07035187E+00
+231.00E-06,-1.50753767E+00,+14.07035187E+00
+232.00E-06,-1.50753767E+00,+14.07035187E+00
+233.00E-06,-1.50753767E+00,+14.07035187E+00
+234.00E-06,-1.50753767E+00,+14.07035187E+00
+235.00E-06,-1.50753767E+00,+14.07035187E+00
+236.00E-06,-1.50753767E+00,+14.07035187E+00
+237.00E-06,-1.50753767E+00,+14.07035187E+00
+238.00E-06,-1.51633164E+00,+14.07035187E+00
+239.00E-06,-1.50753767E+00,+14.07035187E+00
+240.00E-06,-1.50753767E+00,+14.07035187E+00
+241.00E-06,-1.50753767E+00,+14.12060313E+00
+242.00E-06,-1.50753767E+00,+14.27135690E+00
+243.00E-06,-1.50753767E+00,+14.10804031E+00
+244.00E-06,-1.50753767E+00,+14.27135690E+00
+245.00E-06,-1.50753767E+00,+14.12060313E+00
+246.00E-06,-1.50753767E+00,+14.07035187E+00
+247.00E-06,-1.51130652E+00,+14.10804031E+00
+248.00E-06,-1.50753767E+00,+14.27135690E+00
+249.00E-06,-1.50753767E+00,+14.20854282E+00
+250.00E-06,-1.50753767E+00,+14.15829157E+00
+251.00E-06,-1.50753767E+00,+14.22110564E+00
+252.00E-06,-1.50753767E+00,+14.07035187E+00
+253.00E-06,-1.52135677E+00,+14.07035187E+00
+254.00E-06,-1.50753767E+00,+14.27135690E+00
+255.00E-06,-1.50753767E+00,+14.07035187E+00
+256.00E-06,-1.50753767E+00,+14.07035187E+00
+257.00E-06,-1.51256280E+00,+14.20854282E+00
+258.00E-06,-1.50753767E+00,+14.07035187E+00
+259.00E-06,-1.50753767E+00,+14.27135690E+00
+260.00E-06,-1.50753767E+00,+14.07035187E+00
+261.00E-06,-1.50125627E+00,+14.07035187E+00
+262.00E-06,-1.50753767E+00,+14.07035187E+00
+263.00E-06,-1.50753767E+00,+14.07035187E+00
+264.00E-06,-1.50628139E+00,+14.25879408E+00
+265.00E-06,-1.48743717E+00,+14.20854282E+00
+266.00E-06,-1.49623114E+00,+14.07035187E+00
+267.00E-06,-1.48743717E+00,+14.10804031E+00
+268.00E-06,-1.48743717E+00,+14.07035187E+00
+269.00E-06,-1.49246230E+00,+14.07035187E+00
+270.00E-06,-1.48743717E+00,+14.07035187E+00
+271.00E-06,-1.49120601E+00,+14.27135690E+00
+272.00E-06,-1.48743717E+00,+14.07035187E+00
+273.00E-06,-1.48743717E+00,+14.07035187E+00
+274.00E-06,-1.48743717E+00,+14.07035187E+00
+275.00E-06,-1.48743717E+00,+14.07035187E+00
+276.00E-06,-1.48743717E+00,+14.25879408E+00
+277.00E-06,-1.46733667E+00,+14.07035187E+00
+278.00E-06,-1.48743717E+00,+14.17085438E+00
+279.00E-06,-1.48743717E+00,+14.07035187E+00
+280.00E-06,-1.48618089E+00,+14.25879408E+00
+281.00E-06,-1.47236179E+00,+14.20854282E+00
+282.00E-06,-1.48743717E+00,+14.07035187E+00
+283.00E-06,-1.47110551E+00,+14.07035187E+00
+284.00E-06,-1.46733667E+00,+14.07035187E+00
+285.00E-06,-1.46733667E+00,+14.27135690E+00
+286.00E-06,-1.46733667E+00,+14.07035187E+00
+287.00E-06,-1.46733667E+00,+14.07035187E+00
+288.00E-06,-1.44723617E+00,+14.27135690E+00
+289.00E-06,-1.46733667E+00,+14.07035187E+00
+290.00E-06,-1.44723617E+00,+14.07035187E+00
+291.00E-06,-1.44723617E+00,+14.27135690E+00
+292.00E-06,-1.44723617E+00,+14.27135690E+00
+293.00E-06,-1.44723617E+00,+14.12060313E+00
+294.00E-06,-1.43592963E+00,+14.15829157E+00
+295.00E-06,-1.44723617E+00,+14.07035187E+00
+296.00E-06,-1.42713566E+00,+14.07035187E+00
+297.00E-06,-1.42713566E+00,+14.12060313E+00
+298.00E-06,-1.42713566E+00,+14.15829157E+00
+299.00E-06,-1.42713566E+00,+14.10804031E+00
+300.00E-06,-1.42713566E+00,+14.07035187E+00
+301.00E-06,-1.42713566E+00,+14.20854282E+00
+302.00E-06,-1.42713566E+00,+14.27135690E+00
+303.00E-06,-1.40703516E+00,+14.10804031E+00
+304.00E-06,-1.40703516E+00,+14.25879408E+00
+305.00E-06,-1.42713566E+00,+14.07035187E+00
+306.00E-06,-1.40703516E+00,+14.15829157E+00
+307.00E-06,-1.40703516E+00,+14.07035187E+00
+308.00E-06,-1.38693466E+00,+14.07035187E+00
+309.00E-06,-1.40703516E+00,+14.12060313E+00
+310.00E-06,-1.38693466E+00,+14.27135690E+00
+311.00E-06,-1.38693466E+00,+14.07035187E+00
+312.00E-06,-1.38567838E+00,+14.05778905E+00
+313.00E-06,-1.38693466E+00,+13.71859307E+00
+314.00E-06,-1.37562813E+00,+13.66834182E+00
+315.00E-06,-1.36683416E+00,+13.66834182E+00
+316.00E-06,-1.36683416E+00,+13.46733679E+00
+317.00E-06,-1.36683416E+00,+13.46733679E+00
+318.00E-06,-1.36683416E+00,+13.46733679E+00
+319.00E-06,-1.36180903E+00,+13.41708553E+00
+320.00E-06,-1.34673365E+00,+13.26633176E+00
+321.00E-06,-1.34673365E+00,+13.26633176E+00
+322.00E-06,-1.34673365E+00,+13.26633176E+00
+323.00E-06,-1.32663315E+00,+13.26633176E+00
+324.00E-06,-1.32663315E+00,+13.06532674E+00
+325.00E-06,-1.34045225E+00,+13.06532674E+00
+326.00E-06,-1.32663315E+00,+13.06532674E+00
+327.00E-06,-1.32663315E+00,+13.01507548E+00
+328.00E-06,-1.32663315E+00,+13.05276392E+00
+329.00E-06,-1.32035174E+00,+12.86432171E+00
+330.00E-06,-1.32663315E+00,+12.86432171E+00
+331.00E-06,-1.30653265E+00,+12.81407045E+00
+332.00E-06,-1.28643215E+00,+12.66331668E+00
+333.00E-06,-1.30653265E+00,+12.66331668E+00
+334.00E-06,-1.28643215E+00,+12.66331668E+00
+335.00E-06,-1.28643215E+00,+12.66331668E+00
+336.00E-06,-1.28643215E+00,+12.66331668E+00
+337.00E-06,-1.28015074E+00,+12.46231166E+00
+338.00E-06,-1.26633164E+00,+12.46231166E+00
+339.00E-06,-1.24999999E+00,+12.46231166E+00
+340.00E-06,-1.26507536E+00,+12.26130663E+00
+341.00E-06,-1.24623114E+00,+12.26130663E+00
+342.00E-06,-1.24623114E+00,+12.26130663E+00
+343.00E-06,-1.24623114E+00,+12.26130663E+00
+344.00E-06,-1.24623114E+00,+12.26130663E+00
+345.00E-06,-1.22613064E+00,+12.06030160E+00
+346.00E-06,-1.22613064E+00,+12.06030160E+00
+347.00E-06,-1.22613064E+00,+12.06030160E+00
+348.00E-06,-1.22613064E+00,+11.85929658E+00
+349.00E-06,-1.21105526E+00,+11.85929658E+00
+350.00E-06,-1.20603014E+00,+11.85929658E+00
+351.00E-06,-1.20603014E+00,+11.85929658E+00
+352.00E-06,-1.18592964E+00,+11.65829155E+00
+353.00E-06,-1.18592964E+00,+11.65829155E+00
+354.00E-06,-1.18592964E+00,+11.65829155E+00
+355.00E-06,-1.18592964E+00,+11.45728652E+00
+356.00E-06,-1.16582913E+00,+11.45728652E+00
+357.00E-06,-1.16582913E+00,+11.45728652E+00
+358.00E-06,-1.15577888E+00,+11.45728652E+00
+359.00E-06,-1.16080401E+00,+11.25628150E+00
+360.00E-06,-1.14572863E+00,+11.25628150E+00
+361.00E-06,-1.14572863E+00,+11.25628150E+00
+362.00E-06,-1.13567838E+00,+11.25628150E+00
+363.00E-06,-1.12562813E+00,+11.05527647E+00
+364.00E-06,-1.12562813E+00,+11.05527647E+00
+365.00E-06,-1.11055275E+00,+11.05527647E+00
+366.00E-06,-1.10552763E+00,+10.85427144E+00
+367.00E-06,-1.10552763E+00,+10.85427144E+00
+368.00E-06,-1.10427134E+00,+10.85427144E+00
+369.00E-06,-1.08542712E+00,+10.65326642E+00
+370.00E-06,-1.08542712E+00,+10.65326642E+00
+371.00E-06,-1.06909547E+00,+10.65326642E+00
+372.00E-06,-1.08417084E+00,+10.45226139E+00
+373.00E-06,-1.06532662E+00,+10.45226139E+00
+374.00E-06,-1.06532662E+00,+10.45226139E+00
+375.00E-06,-1.04522612E+00,+10.25125636E+00
+376.00E-06,-1.04522612E+00,+10.25125636E+00
+377.00E-06,-1.04522612E+00,+10.10050259E+00
+378.00E-06,-1.02512562E+00,+10.05025133E+00
+379.00E-06,-1.00879396E+00,+10.05025133E+00
+380.00E-06,-1.00502511E+00,+10.03768852E+00
+381.00E-06,-1.00502511E+00,+9.84924631E+00
+382.00E-06,-1.00502511E+00,+9.73618098E+00
+383.00E-06,-984.92461E-03,+9.64824128E+00
+384.00E-06,-984.92461E-03,+9.64824128E+00
+385.00E-06,-984.92461E-03,+9.64824128E+00
+386.00E-06,-964.82411E-03,+9.54773877E+00
+387.00E-06,-964.82411E-03,+9.44723625E+00
+388.00E-06,-964.82411E-03,+9.43467344E+00
+389.00E-06,-944.72361E-03,+9.24623123E+00
+390.00E-06,-944.72361E-03,+9.24623123E+00
+391.00E-06,-944.72361E-03,+9.19597997E+00
+392.00E-06,-924.62311E-03,+9.04522620E+00
+393.00E-06,-924.62311E-03,+9.04522620E+00
+394.00E-06,-924.62311E-03,+9.04522620E+00
+395.00E-06,-904.52260E-03,+8.99497494E+00
+396.00E-06,-884.42210E-03,+8.84422117E+00
+397.00E-06,-884.42210E-03,+8.84422117E+00
+398.00E-06,-884.42210E-03,+8.64321615E+00
+399.00E-06,-868.09044E-03,+8.59296489E+00
+400.00E-06,-864.32160E-03,+8.63065333E+00
+401.00E-06,-864.32160E-03,+8.44221112E+00
+402.00E-06,-854.27135E-03,+8.44221112E+00
+403.00E-06,-844.22110E-03,+8.24120609E+00
+404.00E-06,-824.12059E-03,+8.04020107E+00
+405.00E-06,-824.12059E-03,+8.17839202E+00
+406.00E-06,-824.12059E-03,+8.12814077E+00
+407.00E-06,-824.12059E-03,+8.04020107E+00
+408.00E-06,-804.02009E-03,+7.83919604E+00
+409.00E-06,-783.91959E-03,+7.83919604E+00
+410.00E-06,-793.96984E-03,+7.73869353E+00
+411.00E-06,-783.91959E-03,+7.63819101E+00
+412.00E-06,-763.81909E-03,+7.43718599E+00
+413.00E-06,-763.81909E-03,+7.57537694E+00
+414.00E-06,-763.81909E-03,+7.32412066E+00
+415.00E-06,-743.71858E-03,+7.27386940E+00
+416.00E-06,-743.71858E-03,+7.23618096E+00
+417.00E-06,-723.61808E-03,+7.17336689E+00
+418.00E-06,-723.61808E-03,+7.03517593E+00
+419.00E-06,-703.51758E-03,+7.03517593E+00
+420.00E-06,-703.51758E-03,+6.83417091E+00
+421.00E-06,-688.44220E-03,+6.83417091E+00
+422.00E-06,-683.41708E-03,+6.72110558E+00
+423.00E-06,-683.41708E-03,+6.63316588E+00
+424.00E-06,-663.31658E-03,+6.63316588E+00
+425.00E-06,-663.31658E-03,+6.63316588E+00
+426.00E-06,-652.01004E-03,+6.43216085E+00
+427.00E-06,-643.21607E-03,+6.43216085E+00
+428.00E-06,-643.21607E-03,+6.23115583E+00
+429.00E-06,-623.11557E-03,+6.16834176E+00
+430.00E-06,-623.11557E-03,+6.03015080E+00
+431.00E-06,-623.11557E-03,+6.03015080E+00
+432.00E-06,-603.01507E-03,+5.82914577E+00
+433.00E-06,-596.73366E-03,+5.82914577E+00
+434.00E-06,-582.91457E-03,+5.82914577E+00
+435.00E-06,-566.58291E-03,+5.62814075E+00
+436.00E-06,-581.65829E-03,+5.62814075E+00
+437.00E-06,-556.53266E-03,+5.42713572E+00
+438.00E-06,-562.81406E-03,+5.32663321E+00
+439.00E-06,-542.71356E-03,+5.37688446E+00
+440.00E-06,-522.61306E-03,+5.22613069E+00
+441.00E-06,-522.61306E-03,+5.16331662E+00
+442.00E-06,-522.61306E-03,+5.02512567E+00
+443.00E-06,-506.28140E-03,+5.02512567E+00
+444.00E-06,-502.51256E-03,+4.82412064E+00
+445.00E-06,-482.41206E-03,+4.82412064E+00
+446.00E-06,-482.41206E-03,+4.82412064E+00
+447.00E-06,-477.38693E-03,+4.62311561E+00
+448.00E-06,-462.31155E-03,+4.61055280E+00
+449.00E-06,-462.31155E-03,+4.42211059E+00
+450.00E-06,-442.21105E-03,+4.22110556E+00
+451.00E-06,-437.18592E-03,+4.22110556E+00
+452.00E-06,-422.11055E-03,+4.02010053E+00
+453.00E-06,-422.11055E-03,+4.02010053E+00
+454.00E-06,-422.11055E-03,+4.02010053E+00
+455.00E-06,-396.98492E-03,+3.85678395E+00
+456.00E-06,-400.75376E-03,+3.81909551E+00
+457.00E-06,-381.90954E-03,+3.61809048E+00
+458.00E-06,-381.90954E-03,+3.61809048E+00
+459.00E-06,-361.80904E-03,+3.41708545E+00
+460.00E-06,-341.70854E-03,+3.41708545E+00
+461.00E-06,-341.70854E-03,+3.26633168E+00
+462.00E-06,-341.70854E-03,+3.21608043E+00
+463.00E-06,-321.60804E-03,+3.16582917E+00
+464.00E-06,-321.60804E-03,+3.01507540E+00
+465.00E-06,-301.50753E-03,+3.01507540E+00
+466.00E-06,-291.45728E-03,+2.81407037E+00
+467.00E-06,-281.40703E-03,+2.81407037E+00
+468.00E-06,-281.40703E-03,+2.61306535E+00
+469.00E-06,-266.33166E-03,+2.61306535E+00
+470.00E-06,-261.30653E-03,+2.41206032E+00
+471.00E-06,-241.20603E-03,+2.41206032E+00
+472.00E-06,-241.20603E-03,+2.21105529E+00
+473.00E-06,-221.10553E-03,+2.21105529E+00
+474.00E-06,-221.10553E-03,+2.01005027E+00
+475.00E-06,-221.10553E-03,+2.01005027E+00
+476.00E-06,-219.84924E-03,+2.01005027E+00
+477.00E-06,-201.00502E-03,+1.94723620E+00
+478.00E-06,-180.90452E-03,+1.70854273E+00
+479.00E-06,-180.90452E-03,+1.60804021E+00
+480.00E-06,-160.80402E-03,+1.60804021E+00
+481.00E-06,-160.80402E-03,+1.40703519E+00
+482.00E-06,-150.75377E-03,+1.40703519E+00
+483.00E-06,-140.70352E-03,+1.35678393E+00
+484.00E-06,-140.70352E-03,+1.20603016E+00
+485.00E-06,-120.60301E-03,+1.14321609E+00
+486.00E-06,-120.60301E-03,+1.00502513E+00
+487.00E-06,-100.50251E-03,+954.77388E-03
+488.00E-06,-100.50251E-03,+804.02011E-03
+489.00E-06,-80.40201E-03,+804.02011E-03
+490.00E-06,-80.40201E-03,+603.01508E-03
+491.00E-06,-64.07035E-03,+603.01508E-03
+492.00E-06,-60.30151E-03,+590.45227E-03
+493.00E-06,-60.30151E-03,+402.01005E-03
+494.00E-06,-40.20100E-03,+201.00503E-03
+495.00E-06,-23.86935E-03,+201.00503E-03
+496.00E-06,-38.94472E-03,+0.0E+00
+497.00E-06,-20.10050E-03,+0.0E+00
+498.00E-06,+0.0E+00,-100.50251E-03
+499.00E-06,+3.76884E-03,-201.00503E-03
+500.00E-06,+0.0E+00,-402.01005E-03
+501.00E-06,+40.20100E-03,-402.01005E-03
+502.00E-06,+40.20100E-03,-502.51257E-03
+503.00E-06,+43.96985E-03,-603.01508E-03
+504.00E-06,+60.30151E-03,-603.01508E-03
+505.00E-06,+74.12060E-03,-741.20604E-03
+506.00E-06,+80.40201E-03,-904.52262E-03
+507.00E-06,+80.40201E-03,-841.70855E-03
+508.00E-06,+100.50251E-03,-1.00502513E+00
+509.00E-06,+120.60301E-03,-1.00502513E+00
+510.00E-06,+120.60301E-03,-1.20603016E+00
+511.00E-06,+120.60301E-03,-1.35678393E+00
+512.00E-06,+140.70352E-03,-1.40703519E+00
+513.00E-06,+140.70352E-03,-1.40703519E+00
+514.00E-06,+160.80402E-03,-1.60804021E+00
+515.00E-06,+160.80402E-03,-1.60804021E+00
+516.00E-06,+160.80402E-03,-1.80904524E+00
+517.00E-06,+174.62311E-03,-1.80904524E+00
+518.00E-06,+180.90452E-03,-1.90954775E+00
+519.00E-06,+180.90452E-03,-2.01005027E+00
+520.00E-06,+201.00502E-03,-2.19849248E+00
+521.00E-06,+221.10553E-03,-2.21105529E+00
+522.00E-06,+221.10553E-03,-2.41206032E+00
+523.00E-06,+224.87437E-03,-2.41206032E+00
+524.00E-06,+241.20603E-03,-2.41206032E+00
+525.00E-06,+255.02512E-03,-2.61306535E+00
+526.00E-06,+261.30653E-03,-2.81407037E+00
+527.00E-06,+265.07537E-03,-2.81407037E+00
+528.00E-06,+281.40703E-03,-2.81407037E+00
+529.00E-06,+295.22613E-03,-3.01507540E+00
+530.00E-06,+301.50753E-03,-3.01507540E+00
+531.00E-06,+301.50753E-03,-3.21608043E+00
+532.00E-06,+321.60804E-03,-3.21608043E+00
+533.00E-06,+326.63316E-03,-3.41708545E+00
+534.00E-06,+330.40201E-03,-3.41708545E+00
+535.00E-06,+356.78392E-03,-3.56783922E+00
+536.00E-06,+360.55276E-03,-3.61809048E+00
+537.00E-06,+375.62814E-03,-3.66834174E+00
+538.00E-06,+381.90954E-03,-3.81909551E+00
+539.00E-06,+381.90954E-03,-3.85678395E+00
+540.00E-06,+381.90954E-03,-4.02010053E+00
+541.00E-06,+402.01005E-03,-4.02010053E+00
+542.00E-06,+422.11055E-03,-4.22110556E+00
+543.00E-06,+422.11055E-03,-4.22110556E+00
+544.00E-06,+422.11055E-03,-4.42211059E+00
+545.00E-06,+422.11055E-03,-4.42211059E+00
+546.00E-06,+442.21105E-03,-4.52261310E+00
+547.00E-06,+457.28643E-03,-4.62311561E+00
+548.00E-06,+462.31155E-03,-4.62311561E+00
+549.00E-06,+462.31155E-03,-4.82412064E+00
+550.00E-06,+482.41206E-03,-4.82412064E+00
+551.00E-06,+482.41206E-03,-5.02512567E+00
+552.00E-06,+482.41206E-03,-5.02512567E+00
+553.00E-06,+502.51256E-03,-5.16331662E+00
+554.00E-06,+511.30653E-03,-5.22613069E+00
+555.00E-06,+506.28140E-03,-5.37688446E+00
+556.00E-06,+522.61306E-03,-5.42713572E+00
+557.00E-06,+542.71356E-03,-5.42713572E+00
+558.00E-06,+552.76381E-03,-5.62814075E+00
+559.00E-06,+562.81406E-03,-5.62814075E+00
+560.00E-06,+562.81406E-03,-5.82914577E+00
+561.00E-06,+562.81406E-03,-5.87939703E+00
+562.00E-06,+582.91457E-03,-6.03015080E+00
+563.00E-06,+597.98994E-03,-6.03015080E+00
+564.00E-06,+582.91457E-03,-6.23115583E+00
+565.00E-06,+603.01507E-03,-6.23115583E+00
+566.00E-06,+613.06532E-03,-6.31909553E+00
+567.00E-06,+638.19095E-03,-6.38190960E+00
+568.00E-06,+643.21607E-03,-6.43216085E+00
+569.00E-06,+643.21607E-03,-6.48241211E+00
+570.00E-06,+652.01004E-03,-6.63316588E+00
+571.00E-06,+663.31658E-03,-6.78391965E+00
+572.00E-06,+663.31658E-03,-6.83417091E+00
+573.00E-06,+683.41708E-03,-6.88442216E+00
+574.00E-06,+692.21105E-03,-7.03517593E+00
+575.00E-06,+703.51758E-03,-7.03517593E+00
+576.00E-06,+683.41708E-03,-7.23618096E+00
+577.00E-06,+717.33668E-03,-7.23618096E+00
+578.00E-06,+723.61808E-03,-7.23618096E+00
+579.00E-06,+723.61808E-03,-7.43718599E+00
+580.00E-06,+743.71858E-03,-7.43718599E+00
+581.00E-06,+743.71858E-03,-7.57537694E+00
+582.00E-06,+752.51255E-03,-7.63819101E+00
+583.00E-06,+763.81909E-03,-7.78894478E+00
+584.00E-06,+763.81909E-03,-7.83919604E+00
+585.00E-06,+768.84421E-03,-7.83919604E+00
+586.00E-06,+783.91959E-03,-7.93969855E+00
+587.00E-06,+778.89446E-03,-8.07788951E+00
+588.00E-06,+804.02009E-03,-8.04020107E+00
+589.00E-06,+804.02009E-03,-8.24120609E+00
+590.00E-06,+812.81406E-03,-8.24120609E+00
+591.00E-06,+824.12059E-03,-8.24120609E+00
+592.00E-06,+824.12059E-03,-8.44221112E+00
+593.00E-06,+844.22110E-03,-8.44221112E+00
+594.00E-06,+844.22110E-03,-8.64321615E+00
+595.00E-06,+864.32160E-03,-8.64321615E+00
+596.00E-06,+864.32160E-03,-8.64321615E+00
+597.00E-06,+864.32160E-03,-8.69346740E+00
+598.00E-06,+864.32160E-03,-8.84422117E+00
+599.00E-06,+884.42210E-03,-8.88190962E+00
+600.00E-06,+884.42210E-03,-9.04522620E+00
+601.00E-06,+904.52260E-03,-9.04522620E+00
+602.00E-06,+904.52260E-03,-9.24623123E+00
+603.00E-06,+904.52260E-03,-9.24623123E+00
+604.00E-06,+904.52260E-03,-9.24623123E+00
+605.00E-06,+918.34170E-03,-9.44723625E+00
+606.00E-06,+924.62311E-03,-9.44723625E+00
+607.00E-06,+944.72361E-03,-9.44723625E+00
+608.00E-06,+944.72361E-03,-9.64824128E+00
+609.00E-06,+949.74873E-03,-9.64824128E+00
+610.00E-06,+964.82411E-03,-9.84924631E+00
+611.00E-06,+964.82411E-03,-9.84924631E+00
+612.00E-06,+983.66833E-03,-10.03768852E+00
+613.00E-06,+984.92461E-03,-9.98743726E+00
+614.00E-06,+984.92461E-03,-10.13819103E+00
+615.00E-06,+999.99999E-03,-10.20100510E+00
+616.00E-06,+1.00502511E+00,-10.25125636E+00
+617.00E-06,+1.00502511E+00,-10.30150762E+00
+618.00E-06,+1.02512562E+00,-10.25125636E+00
+619.00E-06,+1.02512562E+00,-10.28894480E+00
+620.00E-06,+1.02512562E+00,-10.45226139E+00
+621.00E-06,+1.03015074E+00,-10.59045234E+00
+622.00E-06,+1.04522612E+00,-10.65326642E+00
+623.00E-06,+1.04522612E+00,-10.65326642E+00
+624.00E-06,+1.04522612E+00,-10.65326642E+00
+625.00E-06,+1.06532662E+00,-10.79145737E+00
+626.00E-06,+1.06532662E+00,-10.85427144E+00
+627.00E-06,+1.06532662E+00,-10.89195988E+00
+628.00E-06,+1.08542712E+00,-11.04271365E+00
+629.00E-06,+1.09924622E+00,-11.05527647E+00
+630.00E-06,+1.09422109E+00,-11.14321617E+00
+631.00E-06,+1.10552763E+00,-11.25628150E+00
+632.00E-06,+1.10552763E+00,-11.25628150E+00
+633.00E-06,+1.11055275E+00,-11.25628150E+00
+634.00E-06,+1.12562813E+00,-11.25628150E+00
+635.00E-06,+1.12562813E+00,-11.45728652E+00
+636.00E-06,+1.12562813E+00,-11.45728652E+00
+637.00E-06,+1.13944722E+00,-11.65829155E+00
+638.00E-06,+1.14572863E+00,-11.65829155E+00
+639.00E-06,+1.14572863E+00,-11.65829155E+00
+640.00E-06,+1.16582913E+00,-11.84673376E+00
+641.00E-06,+1.16582913E+00,-11.65829155E+00
+642.00E-06,+1.17587938E+00,-11.85929658E+00
+643.00E-06,+1.16582913E+00,-11.85929658E+00
+644.00E-06,+1.16582913E+00,-11.85929658E+00
+645.00E-06,+1.18592964E+00,-12.06030160E+00
+646.00E-06,+1.18592964E+00,-12.14824130E+00
+647.00E-06,+1.20603014E+00,-12.06030160E+00
+648.00E-06,+1.20603014E+00,-12.24874381E+00
+649.00E-06,+1.20603014E+00,-12.26130663E+00
+650.00E-06,+1.20603014E+00,-12.26130663E+00
+651.00E-06,+1.22613064E+00,-12.29899507E+00
+652.00E-06,+1.22613064E+00,-12.44974884E+00
+653.00E-06,+1.22613064E+00,-12.46231166E+00
+654.00E-06,+1.22613064E+00,-12.46231166E+00
+655.00E-06,+1.22613064E+00,-12.46231166E+00
+656.00E-06,+1.24497486E+00,-12.66331668E+00
+657.00E-06,+1.24623114E+00,-12.66331668E+00
+658.00E-06,+1.24623114E+00,-12.75125638E+00
+659.00E-06,+1.24999999E+00,-12.66331668E+00
+660.00E-06,+1.26633164E+00,-12.86432171E+00
+661.00E-06,+1.26633164E+00,-12.86432171E+00
+662.00E-06,+1.26633164E+00,-12.86432171E+00
+663.00E-06,+1.26633164E+00,-12.86432171E+00
+664.00E-06,+1.28643215E+00,-12.86432171E+00
+665.00E-06,+1.28643215E+00,-12.86432171E+00
+666.00E-06,+1.28643215E+00,-12.95226141E+00
+667.00E-06,+1.28643215E+00,-12.90201015E+00
+668.00E-06,+1.30527637E+00,-12.86432171E+00
+669.00E-06,+1.29145727E+00,-12.86432171E+00
+670.00E-06,+1.30653265E+00,-13.06532674E+00
+671.00E-06,+1.30653265E+00,-13.06532674E+00
+672.00E-06,+1.32537687E+00,-12.86432171E+00
+673.00E-06,+1.31155777E+00,-13.06532674E+00
+674.00E-06,+1.32663315E+00,-12.86432171E+00
+675.00E-06,+1.32663315E+00,-12.86432171E+00
+676.00E-06,+1.34547737E+00,-12.86432171E+00
+677.00E-06,+1.33165828E+00,-12.91457297E+00
+678.00E-06,+1.33542712E+00,-12.95226141E+00
+679.00E-06,+1.34673365E+00,-13.01507548E+00
+680.00E-06,+1.34673365E+00,-12.86432171E+00
+681.00E-06,+1.35175878E+00,-13.00251266E+00
+682.00E-06,+1.34673365E+00,-12.86432171E+00
+683.00E-06,+1.34673365E+00,-12.90201015E+00
+684.00E-06,+1.36683416E+00,-12.86432171E+00
+685.00E-06,+1.36683416E+00,-12.86432171E+00
+686.00E-06,+1.36683416E+00,-12.96482422E+00
+687.00E-06,+1.36683416E+00,-13.06532674E+00
+688.00E-06,+1.36683416E+00,-12.86432171E+00
+689.00E-06,+1.38065325E+00,-13.06532674E+00
+690.00E-06,+1.38693466E+00,-13.06532674E+00
+691.00E-06,+1.38190953E+00,-12.90201015E+00
+692.00E-06,+1.38693466E+00,-13.05276392E+00
+693.00E-06,+1.38693466E+00,-13.00251266E+00
+694.00E-06,+1.40703516E+00,-12.96482422E+00
+695.00E-06,+1.39070350E+00,-12.90201015E+00
+696.00E-06,+1.40703516E+00,-13.06532674E+00
+697.00E-06,+1.40703516E+00,-12.91457297E+00
+698.00E-06,+1.40703516E+00,-13.06532674E+00
+699.00E-06,+1.40703516E+00,-13.06532674E+00
+700.00E-06,+1.40703516E+00,-12.86432171E+00
+701.00E-06,+1.42713566E+00,-13.00251266E+00
+702.00E-06,+1.42713566E+00,-13.06532674E+00
+703.00E-06,+1.42211054E+00,-13.06532674E+00
+704.00E-06,+1.42587938E+00,-13.05276392E+00
+705.00E-06,+1.42713566E+00,-13.00251266E+00
+706.00E-06,+1.42713566E+00,-12.96482422E+00
+707.00E-06,+1.42713566E+00,-13.06532674E+00
+708.00E-06,+1.42713566E+00,-12.86432171E+00
+709.00E-06,+1.42713566E+00,-13.06532674E+00
+710.00E-06,+1.42713566E+00,-12.96482422E+00
+711.00E-06,+1.44723617E+00,-13.01507548E+00
+712.00E-06,+1.44597988E+00,-13.05276392E+00
+713.00E-06,+1.44723617E+00,-13.00251266E+00
+714.00E-06,+1.43718591E+00,-13.06532674E+00
+715.00E-06,+1.44723617E+00,-12.90201015E+00
+716.00E-06,+1.44723617E+00,-12.86432171E+00
+717.00E-06,+1.45226129E+00,-13.00251266E+00
+718.00E-06,+1.44723617E+00,-13.06532674E+00
+719.00E-06,+1.44723617E+00,-13.06532674E+00
+720.00E-06,+1.46733667E+00,-13.05276392E+00
+721.00E-06,+1.46105526E+00,-12.91457297E+00
+722.00E-06,+1.44723617E+00,-12.95226141E+00
+723.00E-06,+1.46733667E+00,-12.90201015E+00
+724.00E-06,+1.44723617E+00,-13.05276392E+00
+725.00E-06,+1.45226129E+00,-12.86432171E+00
+726.00E-06,+1.45728642E+00,-12.95226141E+00
+727.00E-06,+1.46231154E+00,-13.06532674E+00
+728.00E-06,+1.46733667E+00,-13.06532674E+00
+729.00E-06,+1.46733667E+00,-12.91457297E+00
+730.00E-06,+1.47613064E+00,-12.86432171E+00
+731.00E-06,+1.46733667E+00,-13.06532674E+00
+732.00E-06,+1.46733667E+00,-13.06532674E+00
+733.00E-06,+1.46733667E+00,-12.91457297E+00
+734.00E-06,+1.47738692E+00,-13.06532674E+00
+735.00E-06,+1.46733667E+00,-12.86432171E+00
+736.00E-06,+1.46733667E+00,-13.06532674E+00
+737.00E-06,+1.48115576E+00,-13.00251266E+00
+738.00E-06,+1.45603014E+00,-12.86432171E+00
+739.00E-06,+1.47110551E+00,-12.90201015E+00
+740.00E-06,+1.46733667E+00,-12.86432171E+00
+741.00E-06,+1.46733667E+00,-13.00251266E+00
+742.00E-06,+1.46733667E+00,-12.96482422E+00
+743.00E-06,+1.48241204E+00,-13.06532674E+00
+744.00E-06,+1.46733667E+00,-12.86432171E+00
+745.00E-06,+1.47236179E+00,-13.00251266E+00
+746.00E-06,+1.48743717E+00,-13.06532674E+00
+747.00E-06,+1.47110551E+00,-13.01507548E+00
+748.00E-06,+1.48743717E+00,-12.86432171E+00
+749.00E-06,+1.46733667E+00,-12.91457297E+00
+750.00E-06,+1.46733667E+00,-12.86432171E+00
+751.00E-06,+1.46733667E+00,-12.90201015E+00
+752.00E-06,+1.46733667E+00,-12.86432171E+00
+753.00E-06,+1.48115576E+00,-12.91457297E+00
+754.00E-06,+1.47738692E+00,-13.06532674E+00
+755.00E-06,+1.48241204E+00,-13.06532674E+00
+756.00E-06,+1.46733667E+00,-13.05276392E+00
+757.00E-06,+1.46733667E+00,-13.06532674E+00
+758.00E-06,+1.47738692E+00,-12.96482422E+00
+759.00E-06,+1.46733667E+00,-12.90201015E+00
+760.00E-06,+1.46733667E+00,-13.06532674E+00
+761.00E-06,+1.45728642E+00,-13.06532674E+00
+762.00E-06,+1.47738692E+00,-13.06532674E+00
+763.00E-06,+1.46733667E+00,-13.06532674E+00
+764.00E-06,+1.46733667E+00,-13.05276392E+00
+765.00E-06,+1.46733667E+00,-12.86432171E+00
+766.00E-06,+1.46733667E+00,-13.06532674E+00
+767.00E-06,+1.46733667E+00,-12.86432171E+00
+768.00E-06,+1.46733667E+00,-13.06532674E+00
+769.00E-06,+1.45226129E+00,-13.06532674E+00
+770.00E-06,+1.45728642E+00,-13.06532674E+00
+771.00E-06,+1.45100501E+00,-12.86432171E+00
+772.00E-06,+1.44723617E+00,-13.05276392E+00
+773.00E-06,+1.44723617E+00,-13.06532674E+00
+774.00E-06,+1.44723617E+00,-13.06532674E+00
+775.00E-06,+1.44723617E+00,-12.86432171E+00
+776.00E-06,+1.44723617E+00,-13.06532674E+00
+777.00E-06,+1.44723617E+00,-13.06532674E+00
+778.00E-06,+1.43592963E+00,-13.06532674E+00
+779.00E-06,+1.44221104E+00,-12.90201015E+00
+780.00E-06,+1.44723617E+00,-13.06532674E+00
+781.00E-06,+1.43216079E+00,-13.00251266E+00
+782.00E-06,+1.44723617E+00,-12.96482422E+00
+783.00E-06,+1.43090451E+00,-12.86432171E+00
+784.00E-06,+1.42713566E+00,-13.06532674E+00
+785.00E-06,+1.42713566E+00,-12.86432171E+00
+786.00E-06,+1.42713566E+00,-12.86432171E+00
+787.00E-06,+1.42713566E+00,-13.06532674E+00
+788.00E-06,+1.42713566E+00,-13.05276392E+00
+789.00E-06,+1.41206029E+00,-13.06532674E+00
+790.00E-06,+1.42713566E+00,-12.86432171E+00
+791.00E-06,+1.41080400E+00,-12.90201015E+00
+792.00E-06,+1.42713566E+00,-12.86432171E+00
+793.00E-06,+1.41206029E+00,-12.91457297E+00
+794.00E-06,+1.40703516E+00,-12.86432171E+00
+795.00E-06,+1.40703516E+00,-12.86432171E+00
+796.00E-06,+1.40703516E+00,-12.86432171E+00
+797.00E-06,+1.39195978E+00,-13.06532674E+00
+798.00E-06,+1.39572863E+00,-12.86432171E+00
+799.00E-06,+1.38693466E+00,-13.06532674E+00
+800.00E-06,+1.38693466E+00,-13.06532674E+00
+801.00E-06,+1.38693466E+00,-12.91457297E+00
+802.00E-06,+1.38693466E+00,-13.06532674E+00
+803.00E-06,+1.37060300E+00,-12.86432171E+00
+804.00E-06,+1.36683416E+00,-12.86432171E+00
+805.00E-06,+1.37185928E+00,-13.00251266E+00
+806.00E-06,+1.37688441E+00,-12.86432171E+00
+807.00E-06,+1.36683416E+00,-13.06532674E+00
+808.00E-06,+1.36557787E+00,-12.86432171E+00
+809.00E-06,+1.36683416E+00,-12.86432171E+00
+810.00E-06,+1.35678391E+00,-12.86432171E+00
+811.00E-06,+1.34673365E+00,-12.90201015E+00
+812.00E-06,+1.34673365E+00,-12.86432171E+00
+813.00E-06,+1.34673365E+00,-13.00251266E+00
+814.00E-06,+1.34673365E+00,-13.06532674E+00
+815.00E-06,+1.33040200E+00,-12.86432171E+00
+816.00E-06,+1.32663315E+00,-13.06532674E+00
+817.00E-06,+1.33165828E+00,-12.86432171E+00
+818.00E-06,+1.32663315E+00,-12.95226141E+00
+819.00E-06,+1.32663315E+00,-13.01507548E+00
+820.00E-06,+1.32537687E+00,-12.86432171E+00
+821.00E-06,+1.30653265E+00,-12.86432171E+00
+822.00E-06,+1.30653265E+00,-12.95226141E+00
+823.00E-06,+1.29020099E+00,-12.86432171E+00
+824.00E-06,+1.30653265E+00,-12.86432171E+00
+825.00E-06,+1.29145727E+00,-12.86432171E+00
+826.00E-06,+1.28643215E+00,-12.96482422E+00
+827.00E-06,+1.28643215E+00,-12.86432171E+00
+828.00E-06,+1.26633164E+00,-12.86432171E+00
+829.00E-06,+1.26633164E+00,-12.86432171E+00
+830.00E-06,+1.26633164E+00,-12.95226141E+00
+831.00E-06,+1.26633164E+00,-12.86432171E+00
+832.00E-06,+1.26633164E+00,-12.86432171E+00
+833.00E-06,+1.26005024E+00,-12.86432171E+00
+834.00E-06,+1.26633164E+00,-12.86432171E+00
+835.00E-06,+1.24623114E+00,-12.70100512E+00
+836.00E-06,+1.24623114E+00,-12.66331668E+00
+837.00E-06,+1.24623114E+00,-12.71356794E+00
+838.00E-06,+1.22613064E+00,-12.76381920E+00
+839.00E-06,+1.24120602E+00,-12.66331668E+00
+840.00E-06,+1.22613064E+00,-12.46231166E+00
+841.00E-06,+1.21984923E+00,-12.66331668E+00
+842.00E-06,+1.20603014E+00,-12.46231166E+00
+843.00E-06,+1.20603014E+00,-12.46231166E+00
+844.00E-06,+1.20603014E+00,-12.46231166E+00
+845.00E-06,+1.20603014E+00,-12.46231166E+00
+846.00E-06,+1.18592964E+00,-12.26130663E+00
+847.00E-06,+1.18592964E+00,-12.26130663E+00
+848.00E-06,+1.18592964E+00,-12.06030160E+00
+849.00E-06,+1.18592964E+00,-12.19849256E+00
+850.00E-06,+1.16582913E+00,-12.06030160E+00
+851.00E-06,+1.16582913E+00,-12.06030160E+00
+852.00E-06,+1.16582913E+00,-12.06030160E+00
+853.00E-06,+1.15075376E+00,-11.85929658E+00
+854.00E-06,+1.14572863E+00,-11.85929658E+00
+855.00E-06,+1.14572863E+00,-11.85929658E+00
+856.00E-06,+1.12562813E+00,-11.65829155E+00
+857.00E-06,+1.13944722E+00,-11.65829155E+00
+858.00E-06,+1.13567838E+00,-11.65829155E+00
+859.00E-06,+1.10552763E+00,-11.60804029E+00
+860.00E-06,+1.10552763E+00,-11.45728652E+00
+861.00E-06,+1.09045225E+00,-11.45728652E+00
+862.00E-06,+1.09422109E+00,-11.45728652E+00
+863.00E-06,+1.10050250E+00,-11.40703527E+00
+864.00E-06,+1.08542712E+00,-11.25628150E+00
+865.00E-06,+1.07035175E+00,-11.25628150E+00
+866.00E-06,+1.07412059E+00,-11.05527647E+00
+867.00E-06,+1.08040200E+00,-11.05527647E+00
+868.00E-06,+1.04522612E+00,-11.05527647E+00
+869.00E-06,+1.04522612E+00,-10.85427144E+00
+870.00E-06,+1.04522612E+00,-10.85427144E+00
+871.00E-06,+1.04020099E+00,-10.85427144E+00
+872.00E-06,+1.04396984E+00,-10.84170863E+00
+873.00E-06,+1.04522612E+00,-10.65326642E+00
+874.00E-06,+1.02512562E+00,-10.65326642E+00
+875.00E-06,+1.00502511E+00,-10.45226139E+00
+876.00E-06,+1.00502511E+00,-10.64070360E+00
+877.00E-06,+1.00502511E+00,-10.45226139E+00
+878.00E-06,+984.92461E-03,-10.25125636E+00
+879.00E-06,+999.99999E-03,-10.25125636E+00
+880.00E-06,+964.82411E-03,-10.25125636E+00
+881.00E-06,+984.92461E-03,-10.05025133E+00
+882.00E-06,+964.82411E-03,-10.05025133E+00
+883.00E-06,+948.49245E-03,-10.05025133E+00
+884.00E-06,+963.56783E-03,-10.03768852E+00
+885.00E-06,+944.72361E-03,-9.89949756E+00
+886.00E-06,+934.67336E-03,-9.84924631E+00
+887.00E-06,+939.69848E-03,-9.64824128E+00
+888.00E-06,+924.62311E-03,-9.64824128E+00
+889.00E-06,+909.54773E-03,-9.49748751E+00
+890.00E-06,+913.31657E-03,-9.53517595E+00
+891.00E-06,+904.52260E-03,-9.44723625E+00
+892.00E-06,+884.42210E-03,-9.24623123E+00
+893.00E-06,+884.42210E-03,-9.24623123E+00
+894.00E-06,+873.11557E-03,-9.24623123E+00
+895.00E-06,+864.32160E-03,-9.19597997E+00
+896.00E-06,+864.32160E-03,-9.04522620E+00
+897.00E-06,+858.04019E-03,-9.04522620E+00
+898.00E-06,+853.01507E-03,-8.84422117E+00
+899.00E-06,+827.88944E-03,-8.84422117E+00
+900.00E-06,+824.12059E-03,-8.83165836E+00
+901.00E-06,+824.12059E-03,-8.64321615E+00
+902.00E-06,+812.81406E-03,-8.53015082E+00
+903.00E-06,+804.02009E-03,-8.44221112E+00
+904.00E-06,+802.76381E-03,-8.44221112E+00
+905.00E-06,+797.73868E-03,-8.37939705E+00
+906.00E-06,+793.96984E-03,-8.24120609E+00
+907.00E-06,+767.58793E-03,-8.24120609E+00
+908.00E-06,+783.91959E-03,-8.04020107E+00
+909.00E-06,+763.81909E-03,-8.04020107E+00
+910.00E-06,+763.81909E-03,-8.04020107E+00
+911.00E-06,+747.48743E-03,-7.87688448E+00
+912.00E-06,+743.71858E-03,-7.83919604E+00
+913.00E-06,+723.61808E-03,-7.63819101E+00
+914.00E-06,+732.41205E-03,-7.63819101E+00
+915.00E-06,+723.61808E-03,-7.63819101E+00
+916.00E-06,+703.51758E-03,-7.62562820E+00
+917.00E-06,+688.44220E-03,-7.43718599E+00
+918.00E-06,+683.41708E-03,-7.23618096E+00
+919.00E-06,+683.41708E-03,-7.23618096E+00
+920.00E-06,+663.31658E-03,-7.03517593E+00
+921.00E-06,+663.31658E-03,-7.03517593E+00
+922.00E-06,+663.31658E-03,-7.03517593E+00
+923.00E-06,+643.21607E-03,-6.83417091E+00
+924.00E-06,+643.21607E-03,-6.83417091E+00
+925.00E-06,+628.14070E-03,-6.77135684E+00
+926.00E-06,+623.11557E-03,-6.63316588E+00
+927.00E-06,+623.11557E-03,-6.63316588E+00
+928.00E-06,+603.01507E-03,-6.63316588E+00
+929.00E-06,+603.01507E-03,-6.43216085E+00
+930.00E-06,+582.91457E-03,-6.23115583E+00
+931.00E-06,+582.91457E-03,-6.23115583E+00
+932.00E-06,+562.81406E-03,-6.23115583E+00
+933.00E-06,+567.83919E-03,-6.03015080E+00
+934.00E-06,+551.50753E-03,-6.03015080E+00
+935.00E-06,+542.71356E-03,-5.82914577E+00
+936.00E-06,+522.61306E-03,-5.82914577E+00
+937.00E-06,+522.61306E-03,-5.62814075E+00
+938.00E-06,+522.61306E-03,-5.62814075E+00
+939.00E-06,+522.61306E-03,-5.62814075E+00
+940.00E-06,+502.51256E-03,-5.42713572E+00
+941.00E-06,+487.43718E-03,-5.27638195E+00
+942.00E-06,+482.41206E-03,-5.22613069E+00
+943.00E-06,+477.38693E-03,-5.22613069E+00
+944.00E-06,+462.31155E-03,-5.02512567E+00
+945.00E-06,+447.23618E-03,-5.02512567E+00
+946.00E-06,+442.21105E-03,-4.82412064E+00
+947.00E-06,+442.21105E-03,-4.82412064E+00
+948.00E-06,+422.11055E-03,-4.82412064E+00
+949.00E-06,+422.11055E-03,-4.62311561E+00
+950.00E-06,+410.80402E-03,-4.51005029E+00
+951.00E-06,+402.01005E-03,-4.52261310E+00
+952.00E-06,+402.01005E-03,-4.22110556E+00
+953.00E-06,+381.90954E-03,-4.22110556E+00
+954.00E-06,+381.90954E-03,-4.22110556E+00
+955.00E-06,+376.88442E-03,-4.02010053E+00
+956.00E-06,+361.80904E-03,-4.02010053E+00
+957.00E-06,+355.52763E-03,-3.81909551E+00
+958.00E-06,+341.70854E-03,-3.81909551E+00
+959.00E-06,+336.68341E-03,-3.76884425E+00
+960.00E-06,+321.60804E-03,-3.61809048E+00
+961.00E-06,+321.60804E-03,-3.61809048E+00
+962.00E-06,+301.50753E-03,-3.41708545E+00
+963.00E-06,+285.17588E-03,-3.41708545E+00
+964.00E-06,+261.30653E-03,-3.21608043E+00
+965.00E-06,+266.33166E-03,-3.21608043E+00
+966.00E-06,+261.30653E-03,-3.01507540E+00
+967.00E-06,+244.97487E-03,-3.01507540E+00
+968.00E-06,+241.20603E-03,-2.81407037E+00
+969.00E-06,+246.23115E-03,-2.81407037E+00
+970.00E-06,+221.10553E-03,-2.70100505E+00
+971.00E-06,+216.08040E-03,-2.61306535E+00
+972.00E-06,+221.10553E-03,-2.41206032E+00
+973.00E-06,+201.00502E-03,-2.41206032E+00
+974.00E-06,+190.95477E-03,-2.31155781E+00
+975.00E-06,+180.90452E-03,-2.21105529E+00
+976.00E-06,+160.80402E-03,-2.21105529E+00
+977.00E-06,+160.80402E-03,-2.01005027E+00
+978.00E-06,+160.80402E-03,-2.01005027E+00
+979.00E-06,+140.70352E-03,-1.84673368E+00
+980.00E-06,+139.44723E-03,-1.79648243E+00
+981.00E-06,+120.60301E-03,-1.80904524E+00
+982.00E-06,+120.60301E-03,-1.60804021E+00
+983.00E-06,+104.27136E-03,-1.55778896E+00
+984.00E-06,+100.50251E-03,-1.40703519E+00
+985.00E-06,+80.40201E-03,-1.34422112E+00
+986.00E-06,+80.40201E-03,-1.20603016E+00
+987.00E-06,+60.30151E-03,-1.00502513E+00
+988.00E-06,+60.30151E-03,-1.00502513E+00
+989.00E-06,+60.30151E-03,-1.00502513E+00
+990.00E-06,+40.20100E-03,-804.02011E-03
+991.00E-06,+40.20100E-03,-640.70352E-03
+992.00E-06,+20.10050E-03,-804.02011E-03
+993.00E-06,+20.10050E-03,-603.01508E-03
+994.00E-06,+8.79397E-03,-502.51257E-03
+995.00E-06,+0.0E+00,-402.01005E-03
+996.00E-06,-20.10050E-03,-402.01005E-03
+997.00E-06,-20.10050E-03,-201.00503E-03
+998.00E-06,-28.89447E-03,-201.00503E-03
+999.00E-06,-40.20100E-03,+0.0E+00
